fus_10hubs_rcom (Å),fus_10cliques_rcom(Å)
50.98186705395855,69.84205890498065
57.88170389435957,94.13435928506175
61.84068495893811,83.67105071195132
31.688054817818482,66.32046560978121
47.859833252212816,32.70607747
83.27029826379994,98.82279243635303
66.91472878732287,72.42505051
64.56348905013348,96.55084162733644
57.00388912623548,90.25130481
48.690659205769514,79.48554641697122
39.92617776952412,70.53815998850249
57.17380628796175,106.42660048347022
55.800995937796976,93.37485645535347
64.90449968848995,92.31172282
32.965106428843264,81.21305896980226
60.428391956702846,114.72943097035329
62.368826900914556,91.46438915478959
56.060255192764174,108.64129843557328
51.10020362206274,69.84102396341396
80.31063842757631,71.86507808074018
60.26954447890861,93.91665886690149
75.07443144141556,46.52470698931187
38.62905290591277,83.76199459
75.16835476,86.40447957382908
73.85469793366283,118.58350674027427
108.8804085497685,114.70182040599636
46.06873699825008,80.26670983796093
56.50385483811907,70.94287908
66.40164092042582,48.80623672614405
77.03646467,93.99615660541558
70.13708245827111,57.62118750939129
42.53963311545705,83.91604765008124
79.18463509061662,88.87615658984036
61.841686727356006,95.43132102
59.94943540355348,50.279766848493594
63.137435701403724,94.27616172887917
66.21659596251756,96.99845267312335
53.53839837369514,70.59550427040857
89.63807787008689,100.3922204844304
51.17723964419548,103.26486822829857
50.68694704357288,106.54291677465696
46.60062401157915,76.050561
52.05162096299672,102.30357090408657
45.27562311805321,98.24623728575901
39.51569735387341,103.87806565386451
74.57459560578707,90.93420128763022
85.04276497478415,82.55203605973053
63.77680271770946,71.08900113538662
42.184302464287946,84.45676018
122.04249956454942,90.38026351
36.98319276680019,78.57195341512006
65.30659552877333,74.92052915399395
81.85551470389369,97.07848135781433
63.173091590128706,86.41274094603405
27.05376952537314,84.27692628237652
64.80214442,55.10685311
85.39611355800919,80.35587215805155
55.20468794686427,103.50395721090973
61.54843331046871,66.46212118622319
56.64278111933946,64.42376806395279
70.9195963,116.12262410515558
73.86700694466849,95.53855794745814
78.33531271362821,79.03854949392324
20.165450011675713,82.16048797837115
70.40541755,123.04552589148362
60.37734335680062,74.58114821234273
31.562455673040862,102.2861038020922
42.18341451903075,86.24766605660942
53.305701923901715,79.33349109202798
42.57804323,59.04042882923217
13.303994148807373,69.47133422367097
60.245323028505425,61.25496843717068
71.97218987662049,91.35187751156626
37.91702219,81.29791488
39.701628143601624,78.24309857385842
59.59839943828409,70.03272852508744
57.801387001841015,73.38817507398075
53.15849785,54.29606481844063
56.792347441521294,92.97728324359682
70.21954008995613,101.40162121096195
19.767770405959872,94.48619175743993
41.35239616,93.91163861
53.447051832154834,102.25814244457763
58.79895498064395,63.867079229049246
72.03391673,92.70462380843931
51.567189804448454,82.74158601146029
46.295883680181156,83.07651062
63.55005753043914,79.14934300538006
78.55926730972973,110.27689932185167
56.858983884478135,109.32753032450647
45.44328255,89.81247129
11.452556488265081,86.30996992783909
68.60924824931476,93.09771744124004
49.59741101787681,97.90126644244407
38.445897419097875,63.59833833814427
54.305837239803616,64.14355449246015
61.580905847416986,72.84336339573663
44.48543846407525,89.59495189732775
55.00365051995136,55.674934260511336
81.13630599,116.7658958043734
17.027965141639097,78.48916217514139
70.33691166773339,100.76312810991462
59.38187715940756,67.40079381930128
83.09175151270641,83.47119012149207
61.87049046504745,85.43658773566918
31.164727869880995,78.50952454965842
67.21895274314913,67.64815698
64.98979428074936,47.03765335041928
47.48302469871686,83.13974493939479
62.10357595116104,66.33756847606446
18.947839511788867,73.21488813907277
45.248121215873525,94.58623733697627
35.723979411884955,70.19099317849727
76.91018340397386,77.29223949419023
72.65592714184642,94.39382110584528
43.91642460882118,87.31492632531301
21.57028375264046,104.57258409294747
19.56919631941485,98.93239125
61.22627788939417,79.21292768405762
74.45612646190789,88.85742374668173
74.76406064980661,78.63905630028329
50.812836409443044,85.01685116572874
49.32321125882538,55.00420490349087
78.60161494683908,94.42568174449232
71.96128822189476,58.359880602475016
51.12303131370409,36.19930094
49.50296637593373,77.79050038859559
74.24567714,72.53061212294834
29.789504338668568,89.12070162518528
62.68328114761038,86.65366827428247
38.64457973610837,61.46977160172074
27.356298621711026,92.69185879568786
75.65123473280397,94.23120396
81.53091626,86.28512659038485
58.479958370509124,94.24207554126482
20.43158492426907,90.62475025443395
58.00760596766116,95.76827264022657
81.28117701141248,87.06302342758691
72.07815192830483,87.92678979957614
67.15289446387155,105.36574136649584
61.19569241253574,88.22895681874115
38.69670216272033,93.62273946187644
58.01232924967452,112.69364407585886
54.82327307630593,68.90642969352709
74.21185343336921,86.62967404485438
44.46229786610653,107.4225198
37.51469517819175,103.24306645197079
61.04971755752135,95.53092243833078
53.35861362039994,109.78478864626058
53.53748244549111,36.36492688115653
55.66050242937195,104.03662133403512
47.33231937014104,73.42307040069319
56.65358537329837,95.84318695232727
38.254799391465845,109.3171893281423
73.71139706411749,99.38818129173644
58.87449073367959,76.26138887559229
92.68748751010472,82.71677117558369
57.67981391402246,62.504914891706406
75.46130231244787,78.54480839690666
96.12957449712992,89.68652895
48.58456709021362,58.161157885392335
60.24791618332975,79.14841327
49.878477568548846,92.50096360620617
63.62078367296181,71.04484662749655
61.61257973,64.67971727750158
78.09224513,85.59490575098323
57.43195746279717,62.51573434504769
69.58998630250005,108.9304298000517
52.17677493613429,82.35997949774202
53.83586595320108,85.89073113589095
45.00290186963294,99.35059278199871
57.95812533813758,77.41915387
15.916916410235482,89.06046962
53.633565107992055,89.79480561956407
79.55298446900076,66.73694294091202
56.02023607454435,80.45953657808376
32.43103293245042,87.15711324633592
31.791079427614065,114.15246435177798
62.553352738697974,73.15405476751349
80.14696195406157,93.62672845017322
51.043587871237406,76.29302608499147
51.97118003314956,84.29673281162489
65.41951720386098,96.01010461978062
19.10721589335137,82.97239053944104
52.57604909122001,119.2232265669533
62.51750150877432,109.39866535004002
44.419719427799905,80.68590758
76.96236971284246,82.31057085907875
81.96301541939187,83.01406908336278
44.818514666433224,32.335033075879174
41.32496562281092,93.21734805829904
43.98166705927532,73.46834575739466
84.84931851956019,78.58632554637231
19.73502032383427,120.3799264528074
56.33708575744127,91.67966998222514
59.40281844758717,98.42268166626954
78.94361077006504,80.22207488798065
68.04506765938893,72.01962428373734
45.976657775647006,79.57156354567044
73.17107145,92.86283124158679
19.38685680202556,98.42167807788653
49.24656552651661,68.28050222
35.11156331944346,87.19802051203871
26.526212978860745,80.31404441740989
33.61835453278073,75.59545927275309
50.44179832985238,80.57292106414164
50.77992524553188,101.81402857297715
49.197679825703716,91.49228101090318
90.43543312496604,93.46842372206923
32.81811471111551,59.53968072750418
26.464171275667717,68.89375942185262
32.34817099694454,98.31031758323952
47.07980194043438,76.90605710465755
60.86004126123938,43.95414997412895
61.90313607,95.87610113848888
63.32398966,63.05459740998842
49.987226799464686,69.74917670088372
72.07616354961112,85.38302935005916
38.58978097611939,61.514046913170105
19.479703743753536,78.97382323
37.168851487698646,78.19297377715019
34.80117775,85.23369253435493
34.57554065309173,72.69515972488082
70.73364758571167,92.75844253854324
49.591345170455114,91.32802448181998
23.68966529,84.89985509328015
51.18701449646457,65.84091024245744
67.14317734,110.19077702097319
93.2612025,86.43208324281022
65.34570282899689,92.68764826693103
18.499000862607346,109.19759444528846
62.47592670087368,95.99981278359999
70.62607506813845,31.369851804025473
31.10747121417871,95.42240285046353
67.64452605357077,81.72435101268269
47.071456640003554,64.31624135593702
74.93661918645529,78.54847493697274
52.89049939,78.76263149888065
39.10911676788644,50.87909195312918
78.63271443,97.10591974240567
44.82666517,59.00727136517937
18.84247860525435,104.41625935629403
40.62938670340029,78.85959066402127
58.17697173560438,74.84600727637103
60.874153901105366,73.85744797591407
53.135856742028096,105.26470435709709
54.92421150959213,89.10980050575246
73.26861045289063,57.82095891992043
53.0651889,79.82772756399191
62.30439975630154,74.18869572391398
67.03572235269326,106.95506168325534
91.40903175,81.99850712
35.811646589670296,86.39010839904915
44.17894988451141,71.24807292174536
55.89987557055232,107.19039816446148
56.63659661,83.06508091293624
72.52751857111146,95.16226381709434
49.664316055288204,93.37564886
63.79445156207625,68.18717726540075
13.798033817995359,80.07793563099803
42.21064662494773,79.42029464266892
64.56773578484864,105.58490952819821
55.02380756426625,70.68079063201924
71.76801887,102.46265018040721
73.11392777662368,89.37373967794423
8.056241022231719,108.6266941298975
58.48586122768615,84.34631646747266
26.387824346827887,70.59899168398894
15.300209266625812,100.98651798190153
63.916116659452456,74.48291971538315
47.08047869,87.10771199490043
43.40068683217946,75.48354974338305
24.324860678843198,86.48252108012153
70.43129444503997,67.82276426506748
61.964815770833525,84.71991802410025
63.902405401105376,90.52106403568152
27.887401046330393,78.45148159315312
10.901153781502602,95.69379541693527
70.98503098863291,63.397807463034724
58.63417467,120.2491409039159
21.03963155045885,87.49737227341404
51.79660595,97.48138456825505
75.87909788,74.49979228757832
45.42724162,81.01953296476782
56.169710626765756,78.10070286640071
70.62192340735899,114.08461951991548
55.227813022335994,88.51071097
83.23867831,87.59505011616187
101.9830088006081,94.78920210922458
13.731953970917093,98.93431560324696
46.92157834484284,79.83926214349785
62.551464487055185,67.42104890992539
81.68567420527623,71.12653464059329
85.43180943528519,91.44407280641443
25.290283674082485,107.61308545004177
64.85317756648384,81.12985971349967
60.055879273990634,106.31311937001318
67.29900301479543,63.823411965372564
68.79303532361328,82.81130863253394
10.828181091787625,81.38543449
66.30062303983463,100.57811527704125
61.29489927199164,81.25583355115491
79.12660270236012,86.28041398314072
25.572473787912333,66.37983182290006
77.81704614869763,84.74282182914845
61.518617438658275,95.52456198674193
74.52277661,98.64426292411838
64.06437201857081,68.19026204191745
77.47296926,72.37830232190866
60.31748867965451,80.50631139691806
68.72574398,79.35206808862273
11.475163973971654,95.56689685957518
52.28431092,96.23532076974162
55.75006787077282,104.91217775056332
62.66502180742799,97.64504875503997
77.27712558682633,85.50367534088508
36.433484953405895,92.31229473349211
31.060614554547808,81.33979697160302
48.34978366760003,101.05930365612183
67.98031916870498,112.60942561638306
66.94409690579594,97.46685206391857
61.49676725997142,84.39763160789255
42.03905957,75.61312119632777
13.76974653629837,75.98023258418688
51.491796145760425,75.53406035906066
42.87927470768546,89.22280417888425
76.78929775823333,89.16530866626856
88.52004510643347,95.42588532
40.77153905619493,61.89699116520432
69.91166269096884,76.61478576990804
30.895970685815463,88.88772071609725
11.823015903240464,81.05231696557829
50.09660519,79.62546017300157
82.00470772506935,63.689455568447286
57.51529407504914,91.09907181705157
30.401162707844797,46.09439448597836
97.15369629904953,88.78845017328173
70.68520529218483,84.30220253980217
89.08021798607892,72.36112021052301
62.19558741038781,95.08704568
55.38253053,81.15160618163154
19.150091547595444,88.32083955
72.60978496303655,74.98649137364887
80.46529602836434,108.58688428209034
28.735385083071517,75.57759837695441
43.840487125569496,65.48233715117311
63.83302559338391,83.31029575475753
62.256789418208854,93.18812755513272
95.73259531550843,93.52659054466987
86.21691875634886,54.23275580326891
22.950613255136233,74.65704822581546
41.44907368972893,83.96648120853412
12.363742141076676,98.01174691984218
56.851737731902936,97.82524327
72.32170414006706,105.35618743195965
63.39547378987649,100.67013674755971
72.09848648416998,96.02628459622686
55.25069925108901,88.56706620187103
82.09765547744692,86.88713879135548
75.55084025265647,93.26008606986588
12.769502852282399,105.8427450665226
54.08480652751559,84.94934787540396
70.47377672987301,97.44565445775744
55.42845189,89.13955524941245
30.24278427858665,97.95707212273074
86.99758664026093,78.23433241609143
78.36757891691698,99.21583198793772
63.05698978290506,76.63603676046269
58.31537198,92.67447684909813
71.84075041581043,97.81085767583684
42.67504109966364,81.56330105333176
52.83878625566846,79.42169207480703
13.166422059157552,89.16075627228142
66.70814047608457,102.5715705583691
82.73941050126732,60.979854785499846
58.26808796363681,114.23700398383795
75.87707163,87.88940011823587
55.81244796,75.24919065148931
83.88482096519498,49.24826920434482
74.55084548631719,80.93709620580248
23.363063579335773,60.72065777324043
59.23976362244348,90.80201645063381
53.71407834272188,97.67548143968075
51.85113479238887,70.77851499
66.13435529,100.4203988748027
79.06816505024231,62.542591893395496
54.6050096,79.05999883562995
44.83029733198802,115.30701885011212
40.80942395911385,63.57513845990742
101.33711587904334,78.28808588894961
24.11773013,90.40897953334526
70.41476271320963,76.21646882
36.57835536940621,81.61323649022087
51.307716454948064,68.97722131978092
74.40799789769007,102.77305895092053
60.777048422156305,42.86566155
77.22827377374519,35.092467102614314
45.50358495552005,100.33579142832464
78.68979104223482,103.3690777662515
44.601391456433504,104.95097175568159
29.856749871157906,82.20973748901311
73.73403939424594,78.2022028
72.72287542381673,76.41847122
53.90920992326273,99.29500373108014
50.46825385839734,102.54983900171284
32.89446519905559,82.66870423656712
61.76955352977636,99.61932701
52.33396801,93.55348561206107
80.04875278840919,110.39200948610919
83.57679710530655,105.04559546447435
43.15691385936001,101.36136340458827
45.89870361728335,81.68081701698145
13.406432130702205,86.25631242016983
49.06345631557181,82.66951148837227
61.795260700681965,89.55628036675171
64.38722755326494,68.33882996979919
25.498698294582482,111.41729675109401
76.37521024753552,64.23630419964786
82.03286956,70.68618288949361
25.16601096141129,71.81083643075796
26.275505964161585,96.73359124
42.71114005485143,97.29043239
62.00505766384407,93.72087551952902
64.46690723053761,73.39441565214543
26.684212140342716,72.60064642184977
22.114425350458458,58.15149480585262
72.72299919671588,84.41920902986772
73.17325561,79.29819982734016
69.60456139,68.08548431611128
60.527788397515316,57.89656914970515
75.38595355934913,101.6661451872398
78.39279251934954,78.40923158506125
53.232661583955974,76.33956879555485
59.684215239205884,83.64424194127494
76.23996783,90.00395322
21.34572743242037,92.58178807552994
49.09603425536264,85.28210589
82.67680248684316,77.46129626914316
58.246418359379724,69.26093258339746
72.00221504839394,108.1877448414555
57.773676403719854,72.07619236761252
38.446616060677826,93.74042781
61.695698350443536,67.62623076662281
56.65078233790277,88.48716719051147
70.72392224783708,85.51588833293829
51.30782917954776,100.04183478860922
32.56478565957518,78.63811918205766
57.11962127165712,88.33681887427583
44.784909676620444,60.77213750009497
87.01343687263027,92.51622361
32.686341660305075,64.70841504
43.57150935,96.32966429294322
33.473547978625895,90.45056885973409
34.83625942605969,113.1807953899401
73.31484135949528,60.28016023168386
75.30270435490384,87.75061551
52.98335593283439,72.75884756836334
50.36107224580309,108.34976024379036
50.12365354,102.26103377061438
59.21153759712542,98.18305000523634
61.84898355243606,72.51527747451148
25.112244724664215,93.96549514
43.07952994,69.51604249794799
53.169199128323186,80.13451999
33.912480895698764,55.721204755801004
51.59470248469714,112.7865122174535
64.39661296812164,77.34472955983753
66.45677032,69.17954052236495
59.577641106495804,48.48312380395614
51.22631666745015,108.52100416824011
52.49767458269646,72.27909072005853
36.80463754314231,53.67134305761623
65.14526308998416,77.77904939570999
68.72561591437567,79.38318183177047
66.88634884437619,92.48376776315312
51.60132104784813,112.02446737862327
53.2849692,87.73389825168107
38.22449991407285,99.70608621736383
69.10749871373147,93.72793028904876
63.51472777703841,78.70885629028918
36.64281140296523,71.28800187347073
42.85458521292496,69.12528555010483
22.820998506419233,87.23611802411052
63.35059172413823,85.58565678
58.32450489583423,54.09164844161658
30.805234618010406,74.09210866081445
58.12830461807082,87.12931770708717
90.45293403455962,91.33444865
74.99472531948776,95.53091594099098
50.195489687358474,93.02440916580126
29.744631234606498,89.97421653667452
49.283480039821946,99.03505184066778
56.48057399727327,112.8049798063905
34.015235867764126,103.65597147236333
56.461496110262416,84.04625125427438
77.47045223033751,60.347642170819846
66.84694731487713,70.50024437883977
23.504904610056784,72.80691726448357
57.120041750062974,49.399261190779185
55.96333233859273,114.47467074683901
54.63462745154613,89.24962119858431
63.73089447816503,88.97706704903776
38.84370029,52.055910138428914
37.93242175572333,84.40995580581222
64.10677999,88.92560428858938
40.90763253563926,76.72452856967405
28.32935728859277,95.70221457533272
35.23245918401942,87.88168768476599
77.79914974800938,84.95579460542584
75.01559696,57.58736589108889
46.086092804355786,40.43457265179617
40.64019427804729,86.97981722957034
64.65520761016413,77.6444357
43.877783188843885,76.47244860088048
49.42809569142044,51.88203815406853
63.437129683401004,60.82632348197564
36.254833669298996,113.94362530402911
55.69407759,61.553585489717065
59.520314434445204,82.80136516983892
39.64629823840894,20.25621468567483
37.03743895550376,75.88561308
36.482714393862516,99.14999258341622
45.33971723973682,116.90236353314538
60.96969411122956,31.014326045987367
49.13237631838426,86.94117425
53.325713366827756,89.25175338944287
24.782427231956426,83.58855967808049
53.72994384725017,70.39302469564272
47.13788067089654,76.94518249049023
38.49877564931866,59.189492903324606
44.40239553398344,59.71702080231214
37.55584356,90.74221877471422
59.35661424031838,98.32862788772496
60.40990007031891,38.95149875600723
40.53798142501169,107.39076160280439
38.839787709382136,80.8983306
69.80635897,111.02880159983752
58.74858778822122,96.00916807969993
61.39869052537679,96.89444210367911
63.84787699703047,85.44936030544604
55.69006939,52.85178974140751
57.11265022,58.994115906257804
39.02817567864054,88.93578494786459
35.77507811439619,75.04803657212734
30.510297638184518,83.94484430589556
69.36848236852992,78.52523744472225
57.741005908966635,43.51389525591131
69.37020480058344,88.88344493919278
29.62847584733392,80.15544743
57.20171225518509,90.68703901555101
49.43537131042184,96.30108851471458
33.27532334,82.26937045567371
29.166841018766753,94.53508251055925
67.57144822,94.59411717581084
51.51396754437085,60.86791958676052
44.290867660214026,90.76208443620455
51.52710186242485,107.61500212264122
50.57622145168301,63.40334057828623
82.94291829230455,97.23351878
87.61083305734728,84.76222661450065
52.36137677401792,74.53021780785329
43.4406452,85.2793674
20.72121077043485,88.54373129005364
60.522773241870794,91.63352369074389
79.67186871233606,70.12060287
44.897474499657655,96.45548185937899
41.906135447659395,40.36528598619769
36.83234018378195,83.72350786620463
58.45152532974161,77.23189313
76.71729378051353,83.90036523195687
55.05792665154033,63.465943916627445
59.63361052985153,25.87201292752319
39.273376599856334,80.04624968308914
43.33703788,65.56148445497344
22.47676293097118,86.21024042777489
50.795807567460265,41.60230016665825
46.797783084043786,67.20033572
54.702541206015205,91.96772110803815
58.13799909598809,107.51884370426724
82.3508435,80.08175469
58.02072378081617,89.15068749155682
46.637792040683294,80.68108461295078
46.060700705439395,82.98031023671231
36.98282999982185,108.56579502858446
65.21775981157383,81.77285799945436
71.82316595672721,29.36341335993223
50.53676635243104,95.47468089650582
70.04822171,107.01801864838951
61.45219400939926,89.54771597058058
82.33338112508126,104.28550434700699
65.86614146204872,108.86444910004732
44.46455159,107.93952094300171
48.546265854472345,93.47483186520932
69.55186183695466,83.91837287993529
57.23669066865952,113.25207270863626
67.11011444578435,86.33073658656474
36.72839258138975,91.58824624323309
81.77217019275606,89.92024356291253
40.63355412,69.28710537
50.93782169561795,117.25247067656588
54.54691412421558,107.39038928972457
40.955843354352304,111.7046929202241
48.238116322166356,105.97378300821062
71.78592051158083,90.02606792
42.87329774434646,88.88240803586586
58.169230529050616,81.70767996680766
63.52519309752118,96.64173267
68.78166083617853,78.96346380890152
47.246761240314086,75.93358277789252
54.23289987357384,78.28686545884784
35.814485594646825,37.54254065
52.85910825438859,64.03432561284527
8.844010419427558,90.61751849701665
77.57429276749201,87.02797563170924
84.01482989367959,88.02063795456218
36.75005189339606,109.12490625730901
45.76504819617241,99.10719888961086
66.78903749362976,57.030262067505866
58.494635089416306,75.72037881
29.211536087228865,98.17675526
60.06447202124328,100.91873063318636
60.23766178906175,95.56367043353006
34.601186674065566,106.54273174156373
26.136095525730102,89.19708896250054
52.20443108010526,62.49528468177323
36.067871085597545,47.45609848936093
69.58366585017538,84.81307964056226
63.23905235608094,84.42058896950029
63.02051843396612,61.66433110054457
22.01081018826019,83.37593200113113
24.541043800834967,89.60263233629148
61.59151374978321,101.40257171188796
32.505991536155605,72.35626668
54.94724548596919,110.23607568785567
94.20658856902462,77.92212814461591
63.00544639,119.35905235109288
64.43845028347505,95.69061188542327
81.07219764495606,78.47751989769164
35.24395965,80.72940089622539
70.92269796465074,81.52009019
45.89576737302415,90.18997449669479
40.83805083054225,99.86718632859593
29.36134361793344,79.59564971238412
73.00844252299501,86.84640389
45.711653773848575,98.19751009204005
28.955507171662166,94.45685374610439
34.86631831856382,71.30528988877661
17.72482313491425,94.59993452124156
80.89660537090806,87.56235388477832
56.19633092,92.50012642644519
55.350618017644265,70.03885806
78.54567038285069,84.49163532937108
73.80873528279443,101.94197844728339
51.804895719456226,80.13549096763461
52.976671874925266,77.73846611406012
42.59386838374171,106.25264321381502
35.76233477275205,75.66213127
75.46753604385857,80.48264815
44.74606670929463,93.94159664
55.426685822307796,14.940259536536564
48.371979819521215,96.23831320219759
16.08455822069931,116.69834389889063
71.40449759618602,75.51177595271233
89.21224869436199,69.90639034865217
49.64114863341174,95.23807297
75.99905701500474,30.85416132
51.07029485132769,84.39908734951335
71.37808368,110.73823610467689
66.58953397688428,68.34725189
54.661634147352935,78.49127031713162
23.719981661984058,89.31953579755779
68.33878478704258,94.28709887022009
45.561175414780045,77.92807676778448
70.23022159746553,88.83251893
85.41633687744576,104.9929909527638
48.24007699146158,117.13171228446757
75.24994607034209,107.29004297215806
78.20511071286185,85.42210579394306
78.90559570117286,83.30753328265922
39.143723767756846,46.39600175671161
13.126435116351972,31.86126345149527
47.298088179798135,107.40929492720373
29.698505916272538,91.24572681468418
33.49984362620235,107.98156867921455
51.04322421874653,95.08624131265306
71.82291977874661,66.07849685529979
47.24067637269067,25.375860325199067
45.33905445180786,80.79172612967464
70.84012974616488,64.64812975
74.54497174,109.57454151584665
7.295937802390557,14.680114864103707
43.43895821543405,98.44989509830094
83.44341806362412,77.24078170975956
43.559712330723656,79.24207904898296
72.95547077744496,100.56603194172375
51.73122833,73.95725866804348
36.740664179797534,122.73337775069457
42.16513388,107.86689114501152
87.94380574398986,96.78109244199455
57.58804952384091,112.53534415358185
34.238065940881924,90.24292180689427
28.422629874276865,109.51160131826468
68.44276629930299,95.35246312006991
48.707337560718656,47.801662300238185
32.64005380574403,82.78156755
67.61800485,96.08931129151823
55.758784839549634,81.78883310054302
79.52192774205129,62.22785514492398
28.571045094871927,93.40308171326643
11.387640142991117,80.18132585815083
32.711374894438094,68.47907831593432
23.550470867673887,104.82325107431306
14.365854827862234,79.98969590055822
43.48060598237453,115.21696258945619
26.471778697431567,60.593495085958146
33.01625420263674,43.42698660162777
40.39313622117273,86.78696027499757
53.916139566174955,30.508119442897083
75.29353638565122,47.38887332871997
91.95529650126713,75.27031680234438
40.67098734177872,56.6804229
23.488159494701343,103.07138394094163
63.215318562923734,102.67624572527237
28.191085048428878,91.12652237281246
43.71794722131473,71.39242877264795
37.19755117008792,45.18154504918512
52.45307104635522,91.67185110723915
101.98552720097395,107.43051188851844
32.108181451493614,76.01833121274528
68.47000761149475,51.41160186869486
38.40348640650941,80.43473287507126
28.959139059071962,106.2887312098173
38.02871261280345,94.06445272920743
26.30087005885062,84.72047523460931
64.59960175409383,100.20932996145415
67.40313705692093,87.86894978607647
65.28444765475899,105.65089879802292
22.898655525442052,95.32630999245875
77.63335143661627,91.00174585
22.879903665091994,42.50607147656175
25.553650579726558,39.35757609818871
37.62979445193577,92.85111913368891
41.64272165407646,71.57982235
33.76969435595081,80.95840517128086
20.910353019787305,111.39906934191443
58.08065924,47.92772191669864
104.10358512463804,92.96885066273641
29.937445023419084,64.82110243427931
66.62138782285648,43.736445559859625
84.11243443893665,83.40274824267973
38.644453891157355,100.89646038167047
49.47370287634432,91.47697878699704
21.086841600018083,109.28160132550262
47.84572327702493,73.74408884929677
67.80711583589607,102.58469106463953
19.272153881681877,65.77057712
20.51419049820529,29.768298560926233
62.31082040019764,61.634287251484956
48.34155400369087,22.983530013660218
58.99671505768697,86.82795038056297
41.72699197823727,76.34772629440367
58.845245951143845,46.16650793295659
18.71909118483699,87.29499715551741
69.06836319987792,89.34798698956315
71.24052963057729,81.17486554001631
20.676980023649527,90.53817697757957
18.27152154650306,48.36310587174386
60.32224108227537,63.10653543228668
61.97715531600228,75.98534588913594
51.55221373334915,55.83771190561424
23.34354295364135,76.58238596220012
33.097723945027475,79.91852518490276
34.95493135993496,105.91216419036738
30.19759965468368,82.54952025289465
51.94078574771292,92.02752433042856
62.33405085355885,109.46302060700678
67.3378116,76.19996567104761
39.381143054768636,90.88852397747961
84.20539627862227,86.51456454961311
59.120847115985406,79.02887432041426
29.424501275909552,40.32390432285313
25.212361865826942,89.37211517682266
41.85623313039358,91.55576005356156
20.10751690362353,51.57704565547254
46.321225908620455,85.10499915555364
54.805986001282754,84.63688426017785
59.06978550943545,87.24656731908328
37.88587534872816,93.10001798
34.30724448306748,75.58287257421088
80.36503133616587,90.61923026877405
39.89121926894145,95.35422074280508
24.137571159689077,105.04150153163448
34.317148173616225,97.54987255762596
18.67510226284752,102.50132046702939
56.55010217792366,28.691059295509994
47.29038523587761,42.17353845092986
56.802577166154315,87.92155759849622
47.412348059609364,35.528431547076124
60.870399772614824,87.95093055841241
54.253896441609584,100.31052638272767
28.791558366775654,97.55436354149111
58.08215814258171,51.66476534463771
49.91600558176369,74.53061524480319
68.5029055,95.96249971174134
78.02504265756396,85.03762982047287
24.013908537952247,88.33286887756772
36.55223479960406,96.80491908140947
31.688539978786803,95.94233810089064
45.11517302874168,84.43859750257121
43.31937057028946,73.25344340702092
23.505981910293823,86.62279417189741
26.980972109989416,98.38103696
38.76508069006553,77.97793146304612
60.532151710678555,85.18337315492461
58.238192654903855,51.96402759901027
47.13481390204526,95.04878632
30.986820580127205,94.50335742272351
99.12469313495562,94.85555368725552
41.98705870581106,82.54342433
54.46394085751231,81.08877763097368
27.529283219899277,97.09035688280208
19.578865229738152,92.01836481
58.95179424184486,64.01919132842424
27.564099950997317,59.69460268220568
51.568349294005635,97.20990737904253
83.47584010361956,90.23913750313899
49.98836082528727,38.82438812772505
61.030673942552376,28.225502099195776
60.713204192770256,99.03853604396643
51.76711099,98.20261617616197
29.530241583975876,100.83980675235215
69.00202383708897,104.19801320922296
27.827526661290943,84.70369950555387
50.78188638548219,79.42354845795504
76.83489119543277,115.24916502367628
61.02876293815366,98.07746383797843
73.13294414565335,86.97652511587626
43.995802268454845,98.64074270737493
32.600481382249576,50.88441478501339
92.20455143498792,90.23881701034017
24.540124012314173,36.531555393573235
53.41872646002733,99.68120466154492
48.89627628,86.25978515
53.63218641,91.24323952193332
57.134105909532636,104.47665292923605
25.555931286817174,69.09512498833116
48.51322319036879,75.99064281573706
84.39006122055797,94.16610112
78.18366111444068,104.63529874902267
73.62153965763906,91.05375518176729
23.892234250644673,65.29726599668795
51.57706770684928,84.36492067624688
56.924781821464414,108.43663736162559
11.560873650189755,107.24496326890461
72.28426483654299,107.32217752294358
56.07373785516945,79.60774517
50.137061482604935,52.017389362804984
60.15634258292605,87.57809385008291
50.54036246578017,113.44120903087894
70.81793364697694,96.11939484951351
43.58912780988888,94.06809204014046
48.08910615488721,97.63661497901657
11.740392340326805,89.51756959359952
15.85806937231097,93.05877014996895
48.603215789350386,96.28026504275878
58.140830641888556,102.87549695117056
67.59353446733095,55.911513917127316
49.50359850248489,95.78893346863875
60.27083538533002,87.72253778224271
56.69591461261083,61.91123316962488
27.54171318270663,101.30261595523464
37.76958540377081,83.66413329
57.36123273414109,78.46172386204772
46.27944429755904,78.34179667
40.683823394265836,97.27120955801375
76.12735441686698,81.23588769977515
16.29703919621674,66.97184437
80.05433978385845,86.33302905397267
57.11008904420283,100.47246813561354
80.47314609475534,102.29689869055352
27.42025250085712,109.16023674292954
40.27396348609832,62.529029411540016
59.52755701,87.61356342239941
45.40042024010012,36.64685163
47.44011704889741,48.047554040464085
36.768644396473256,98.75150511912886
73.99978315507259,72.74029935120548
70.48907462,35.217393605821904
58.29611108651651,106.6105364978474
49.51630516192703,65.89170660820051
36.876158011546494,105.4725161542538
47.620148347050225,10.154192838211815
59.368688655590184,91.18978938935275
44.47095290870727,51.07506617017745
41.420120841857276,68.91209675
64.85503440202241,56.650274221418954
91.55864455044721,112.63392083485442
55.333773446553394,94.07886523628383
38.86787955,104.3181673485003
72.54958800884201,99.70364639133578
73.07074620188324,97.49839282
28.30824792994986,86.46628146899977
35.07382138,96.34638033830076
34.92455438,93.02089079994643
70.96962986953817,73.75797573617685
36.48995619782109,53.5258381
64.37405234617843,89.32497784095352
66.26165069616351,39.19155068
93.09460044523408,27.467681026175608
44.01093800730231,71.58347078286221
34.073949695319016,87.24743359948502
28.689763659620194,81.45196785
44.57149178183864,93.93856723669182
70.46886354625039,82.53370692609016
66.13255638218928,64.76285664800022
39.625273675609776,80.80389604678676
72.86467705788193,77.54664173
54.773506711931255,66.06785690243004
37.94741059395377,74.76342962874993
39.94261974748683,68.01594300368063
33.793087757684816,74.32175539853506
40.31289535761143,96.64408945748076
29.443232027978627,81.93349886821024
46.18678132907037,93.4119359
36.81657747877644,98.79852391869122
94.56889945904274,34.27767788971085
75.18969180404196,109.81110107902036
42.84961276406571,82.00435398384127
66.73843599,73.75257576043647
46.38260838427935,109.45827084604942
29.69935793,85.64274024318405
43.35598240795058,68.47085393166326
68.21845627536734,95.81382115131292
70.28095203175664,70.09394705816158
49.972539106760664,47.87054129707801
67.09781486702288,87.00092621292067
38.646902044567916,69.77494604583356
70.05072085151579,104.05908342435244
74.66953324628255,108.93258065968517
38.73428598542752,79.94071640759805
62.12057234634565,103.74883847990398
51.700484728023625,76.79167686863848
43.889033450114155,74.67997991848453
45.04722426794994,89.30855226848874
37.335659461479246,46.65738452576152
40.59985614402719,90.65044665058976
67.46704208823276,51.26260568142205
51.831352805355564,104.58274063421361
49.48945776830328,82.11307940558935
66.7018091,95.92394366071609
63.79818995282401,112.68319036487011
80.77939930419055,94.37082718624434
40.91101307795186,79.2867194
52.19957031769796,92.11791501051933
23.49496352938467,95.53848075012644
76.65666213509218,74.67977738631345
45.50973619783243,38.36747056445737
33.08971953486752,97.99905195779188
45.412376035645885,82.20207683206176
60.628582738056565,68.04703798883055
72.33476145812661,77.34908682132874
43.885874097394726,112.99092229912188
39.244952206755435,93.05920082883935
86.49191039822408,86.79403162716916
52.586369604788594,68.32564765625767
34.25875253858641,43.483437500984934
38.06628211576852,99.68218163359326
27.84817054929525,99.48771460261806
50.190506251258476,94.94774811793434
42.13886013383634,98.86707899
35.921450031367634,58.117183931315296
35.87809702542234,103.40606134517768
50.839409989784954,114.8649881739091
70.39522989650793,92.83542725662132
79.51579634,99.87255152397788
32.56347399,91.65875359335728
39.16209931005504,84.43726813048119
85.85043448238103,111.16580634089962
69.49941775148103,92.93739114678644
38.93554500074459,70.61305647386214
25.45195664679585,94.83484806782087
20.10913187497388,88.76781407937104
70.76856617590748,47.46875414906886
46.415167122132864,126.20980913231922
58.244168427946846,79.26776377052953
34.07858004250038,82.43964322092447
39.63432843,102.43760154173053
44.170869502520716,91.81483456
60.55053152647527,59.76807247289274
79.91036598,62.219269198661195
40.77578076804645,40.52448583883276
54.61848974402215,78.1566157
48.055087307197226,102.73638743540073
39.214645613033625,76.94026409
34.12609971427768,92.85986982614014
53.277508636530875,80.04419655018715
28.01788820386895,62.08289050857295
69.82446615271537,104.89634877833036
75.65848756780753,87.76469134410384
45.07548107735151,97.35635399280042
36.31228183273255,90.05683442454101
69.19836206368156,101.51155608552929
41.894332377973946,98.74579122
52.70049569475016,84.42492251386729
53.066817299985004,92.52406618
75.76866612,95.12905048612824
47.94829004532452,89.40490925974687
41.02935471023829,80.81562123
64.50255845102191,112.07083536404832
26.13646067,82.19608832031709
42.50399832362311,67.16929215
65.99691019227214,77.95672273128076
45.18827600000153,98.65664604914183
48.97597821280459,87.76777239302857
80.47935164624623,86.06657358693802
60.224508380763574,106.71506027150689
62.87749713708054,79.85775890639115
30.368225930065982,65.20193374516033
46.111848740038816,80.07294837473343
39.73858669955538,93.38879926851656
22.750804983952346,85.13281921881084
54.54353575668239,96.98006878
88.24454587757563,101.69869758530969
50.089272674773596,74.66022038056244
45.90463735091793,16.694034918687088
76.46299526145499,60.26024930518912
45.51033073335638,81.86431058564561
39.584196628269915,67.22467713071944
64.37195136108157,75.08736579607611
81.14945492685295,60.86729897
22.51007603511954,54.732082465160815
62.46345428,94.98732621796621
52.47023529166829,87.35926223219892
52.09066620106758,95.33431073873481
51.13668323843605,95.38602916246799
88.67701572438791,85.23848520729447
58.57057103602552,94.78953955583853
37.19534934661569,89.96758185480473
44.22903917071663,96.10452557229573
59.25456016903513,103.31821030624953
59.977480570380976,105.43706675991768
89.48205487032894,76.13968883622628
36.874898482582786,80.16394145833276
83.32585082083318,66.04012877965405
71.09946158566319,65.19901380878643
50.471254612819145,48.181267745561556
61.801959350126424,70.43971747030595
90.46155317923052,81.10524425753202
81.94395808166145,101.29429462893343
61.18763426616606,99.93885300149837
64.84839658,93.93464692235582
53.737621735772365,69.16978722064225
52.858289802768134,78.76247557252988
51.520439089387345,79.66534231829957
66.02572845,108.38448255135509
53.89750124,89.14775604129365
67.37172858175504,73.58799389000957
41.55658296527639,67.08420778142775
68.46280179,25.497919639409513
24.816351530436584,83.59810602655642
67.77890597312637,78.15298473640907
60.60187189,72.72383463
65.07198974966298,78.51002777079853
36.41653228123801,104.4245614241791
83.13757819330772,48.09635342619182
74.36234696343567,101.46408808792557
49.84210571487868,97.73862851952882
50.62385889588361,91.29631350755534
38.73880356147324,83.35021961740372
48.08230511881092,67.87988918
72.95592906338793,89.86947221506388
71.35180800517747,65.89759101440711
87.65785363354426,69.45260026
50.25734384,64.77408994393306
74.53307872048786,68.55618982362219
69.39642945900843,67.63794999690676
76.81805293394858,80.63599062151337
83.81407977741794,75.84110987624297
42.38248555520896,81.03406498000577
39.11468560579584,50.22838957321415
71.80329519772293,80.33061983
71.38335560495337,92.90456535288244
39.45595175126924,85.91387784210175
18.487516619022703,94.63675489108704
80.80796821703755,103.97474921229853
72.23113445379876,89.44580222030973
34.05785409001292,89.78921264829705
45.86831394329413,79.57315643262092
66.01543530561142,87.90704033776791
48.35144737834894,97.49166504235193
62.853696608888065,58.594338125815476
44.12909055846087,100.20675939267402
31.15474060538152,85.96793190492423
46.104797188880454,63.22957158641595
42.98619552028577,93.26495593030867
72.56723376089646,80.83518503241639
60.66957223580396,110.80169696428989
92.25038899592252,40.630738599047945
84.94201021462491,113.94943972717581
64.71672235803943,91.09532704642181
42.08604128420703,46.83340823
81.46081107883388,92.33325411236852
62.54411171,51.46807244274896
45.411347934436094,86.52419146502932
99.38148574691608,73.06051946803677
51.86526402855088,101.08159864741252
69.10706206085604,67.87981971511837
56.51907347261235,86.67246375565591
35.471301439011945,57.46986976272128
41.28622053389026,113.71033847402542
62.49178509947883,94.61706087532235
45.845583768246215,92.09925593181705
57.53719652805775,91.62549909374259
41.30000330387761,94.18138352513515
45.195701061923415,69.40905531060572
29.649075369370983,91.90043957
57.155465663845355,54.52397478
66.56756505,98.15360632178135
64.39766657,73.66219932
88.93788205,68.17474720788286
46.91129961560736,63.101863157359666
60.46603872285934,91.87346881982413
62.81053136389098,97.19162316201152
28.338391401182715,76.78664318278797
65.87273344150212,99.04809541442427
63.80267224535663,72.64552153991774
79.57830069829369,80.50465713514882
67.96581613062705,67.20204630852653
68.38772176504565,63.494600772581315
59.935343046811845,86.00513582509133
52.743873564808965,99.02977649873715
60.407112074680704,88.43373201
65.85161565776806,87.22382140098652
73.60026070438693,102.74114287363241
65.29843204270271,76.23142630290162
49.240756286267136,100.44868142408855
32.37805050354658,90.61291595262266
52.27638087332341,99.53934285497813
44.88979516662776,77.50967727852127
46.72360894701851,45.39679522654585
62.081443785168375,79.29437311885304
77.41213478645906,70.67564697
73.90305843746431,85.76928610860108
68.58318047399092,111.7740092212325
52.790709120731144,92.63060656720278
69.87249417541807,91.81418093357318
24.18371492014312,93.23278245846194
64.69729599295552,79.58222824010316
59.29521048115327,92.01458348693782
45.674390768584985,45.67440859234074
50.47179975556006,72.86334125726476
39.53591972160112,74.42980601284738
45.52865189699285,92.82427468998611
65.61972362546335,92.89219151048049
38.69618125348057,94.53431938944557
37.09872005180973,34.952827883855974
66.79831008,102.66211585788798
49.63944146157465,84.75529390937035
27.140162083665224,74.11732354
81.83724340726143,85.57291174338363
47.374312167418324,73.64570437007532
42.535154391307906,27.82569012201535
21.784981568800625,73.61703174574349
75.95402171468136,82.66350498428422
72.87234932796109,110.69013284549797
65.30111005839994,75.82646676193704
56.22563863383274,16.535622378695113
61.54752506426107,89.39313235404613
61.31688715586804,81.69980962
50.11786628812777,81.25616168168563
71.55536508,56.62973076044548
60.227857123876944,101.03848068719977
53.872442693684526,90.47356466256113
44.94054643658924,102.65968389922132
48.96252852145532,81.67716249626068
35.37892908075087,101.67216445291565
42.69794290134417,81.53266013
60.099850919554825,88.07823390394087
55.13622612201031,80.27511733781185
68.56488225725964,92.13062633
46.84425516,66.74174994044584
53.14919017939685,67.02815047
32.39987790257932,104.40220719370957
73.79355772327798,94.44401343187744
48.67957684989987,91.61455699988646
54.42158173876323,96.81911050864531
58.75270776486563,99.24333111123525
46.91961356,58.65625221959374
74.17064142662966,59.76607608841768
61.015255848150055,61.61546876469306
49.01040540480451,64.2144579
69.9860355,35.284624388168865
33.494772365487776,101.59761668999386
51.30887483,93.84832950836861
52.55843365249322,97.02143869493229
47.30453712935153,75.95790965104916
64.65448563534085,85.85775574465531
70.05909750484875,94.58460199832446
74.22111437324035,65.31340623068019
47.22830094890159,50.22274084685257
55.496916555119356,77.32007981
46.572330018522194,76.24463477048248
53.30912341793204,70.34237328214617
59.579694218175746,89.09440914719436
59.40456355380397,109.68337865625318
54.48452104,60.48851010989311
64.39662431130907,81.37824324034892
65.79309194409696,87.3946917
61.08032299404364,82.91297706379825
62.45328499974933,84.02694995622335
86.03865076916892,67.35473202585372
45.13644917891431,103.05547591151398
67.96310930345668,102.54714197513051
45.14634435501611,33.96354168156313
39.50087929,81.98049791688739
69.29196041364177,83.47837042
45.01095214,87.66631951
61.53267693633759,100.87510830783006
49.559561621960746,68.96802167506641
68.47310196411739,101.02489782444383
59.38759108700012,60.49409884739457
62.79890608696023,106.3878400373021
88.19700923580794,102.45172236852017
47.975148316086994,67.36494331075384
69.03031935278122,74.32392378105875
69.21187873556846,45.13530836955246
49.335408551918356,48.44102595366484
61.137310826379796,62.11382847632736
60.60565299404933,70.90737360038854
57.024220019100675,66.14488328757156
78.31373272007227,97.70136771
49.01392585273688,27.810148397323136
72.02539966,97.72051208008895
57.411607379102534,76.06111247586898
45.620651338070026,82.53991002
72.94525544982073,54.42644867167222
49.02973601750405,55.79361802146525
59.50468566802953,100.33116599127956
81.69686834404848,93.78858957
79.54604734254632,90.14660532123243
59.85803254566617,71.09508958888017
69.26046329817865,101.66646116441302
56.340712816978304,102.37107239368102
69.88452342711203,53.074185072638286
45.26530857942564,55.79334358606032
74.58775749997541,79.98087412450062
75.63765833760993,98.09581260728095
66.69244748060615,74.99633045450959
91.37631904061699,98.90298878175673
54.59054485808232,99.85398697494928
45.42618635020815,107.19851762835872
59.44128874189146,42.82266634798754
49.168299589331376,100.43436820785016
89.80210346893602,82.43750758787532
68.98545731,51.182073582242595
28.575648506214588,93.63251248625106
66.04656506257007,81.16110647828678
71.29683866411474,104.04851782662197
65.25794759,69.68589867452796
71.81048851768445,94.75176800452437
58.729550699880676,68.57964079
46.26191898,93.89436719668264
46.12697062006814,89.99313249268174
18.781889830093778,90.44255108815655
63.63886785368471,56.167224163355776
79.07807285782033,87.93502976526449
82.27141709845544,97.29354407020571
26.79728215647386,49.552798496006666
54.006569262035384,52.69917095131624
40.47536713272592,80.01936242786591
3.6820498609465884,94.93081109742705
95.04643739803387,62.61933268932077
56.43649339678378,76.56174327074113
75.02553900737173,97.94905949374476
29.369914912586157,84.84556837457026
86.85477753729164,22.42841316518908
74.70098857,109.38677960491773
85.80080692310788,115.76946794473886
21.864149006170614,50.51144512865869
53.21019098290264,79.28989952017473
61.33925516137551,17.61693989101097
26.684223238628057,50.12551986756364
62.308713198917225,100.90743910358451
50.43117496635327,58.19756150704547
70.13214762145195,93.63471207431124
72.31583644522654,102.87064536395638
43.267717443391504,46.36592028805155
69.55033856429195,103.41321165029557
45.46132483704229,54.770727612240755
65.08604517637602,114.6014324111002
54.881553254569326,62.558334612238184
35.33899577607261,60.745931562933656
56.17524002607478,102.44721775797399
78.14048837688986,93.18083283907367
45.096073313468395,96.22632054031874
53.33409749144642,75.83815835028727
37.75562265084286,75.53003817
43.97617093255558,99.92329651536859
55.603559706706385,74.47875839
96.38231627164666,116.04413035060986
71.99870705995006,90.78496442560355
70.38651669644406,85.09411911
34.70253289244951,55.47675411802788
55.16211743782157,68.29768616982017
39.96865296095216,87.83030668526487
56.240205563538076,78.17225112586591
49.78735041472673,83.42924626971696
59.67005001628274,115.80609858530238
75.06371316,103.68101838203835
57.49651372,99.65627436549893
37.92446019270377,77.84891854865946
61.49693637604979,109.02957467014966
49.68312652,62.61882219309821
55.412275791633704,58.64401444068933
46.447436230772446,53.449037809525144
68.21296072434382,99.66263462970491
58.788658504904014,84.42108923706178
64.39632696,61.288165508925154
77.10577376,101.96152774622645
57.236607558632656,50.80325686272936
33.18800476905693,75.75830159224867
68.02996478413804,63.05770643885402
56.97828975293501,91.37544542445092
52.34590288611695,70.77811152268092
60.41568824005449,83.70679139068334
64.24558879676333,109.06610786718066
38.77242327905876,80.59596672022589
51.78529833207093,51.921855724288385
57.08420713197831,90.93316704
81.25742324174828,82.53305581817781
41.18945376428298,95.07772259053452
59.391989374698845,27.832851183876496
54.57137158450874,96.00343595564124
60.771869801684524,76.03222074501934
36.76882661,89.3218176
62.171527753809514,67.50964592463706
85.57571623885453,75.66231635419882
71.55757980829551,97.05751354114138
65.79758721267372,88.89830044030178
35.34732952718315,101.71156926503215
35.39153402419585,95.91406043114762
54.89758744652388,62.313180619049085
49.67839830677268,80.45489286131503
79.42679555,90.67265987398017
68.54072595050464,110.85901807240734
64.83492311267267,81.92103895791574
52.37781908995398,55.29421267290159
62.563345564785365,106.0065638440101
61.820133411636604,91.88930223775209
70.73495519667263,104.00869404358231
38.110271355258085,81.05709128
63.22035469,49.24095981225729
56.376725445387954,84.58298178222479
55.31163470253421,100.36618430330749
31.466411002447305,89.37398574280809
51.750827791208174,109.96789970764685
45.90438069068722,95.36305911503683
53.08416415853755,88.91637798487649
63.76491583490434,28.890014522722325
72.21871984,102.2571151166591
48.09245386747901,88.11217872
50.502129766910784,91.06055910924691
53.49446598634344,86.12641786522356
64.72390255036666,60.46809364684306
20.50040995791935,89.69101959253389
67.12204313393364,104.4072335966786
52.95584625885502,65.46264166092709
54.79898208579327,83.19657666626081
28.79372590267906,96.23075343
62.304054543656434,75.62547574642917
65.97808767,85.59362344515354
56.23237496661687,91.74953881670412
68.96903079866809,89.54863842159418
68.61985023342487,98.02150756654237
65.78723294,65.52810900520431
57.16583017684509,59.513175542136324
25.639205515227133,70.81428599
53.21506614494754,99.51923195882051
70.72429976,31.061165884271936
67.98848285441343,85.65671212002005
58.214367062032615,58.80082787907168
49.24621118462834,114.22567725495428
68.17445743024737,85.04370496987919
69.28666467442179,59.86992332875883
6.360146125480289,28.566870893362797
78.39191636263207,54.252029103397795
72.17567437481124,89.89037419757803
58.60739240593798,105.96832428936823
82.57643322143893,56.44379649115955
32.73473197182345,100.52487473048407
54.53072684281316,48.849372796986216
55.716535484939875,75.14341861898437
45.29403167760806,87.70109134245915
45.644948357487785,66.52822268215559
91.39511716784286,71.31258094525516
46.99449268710188,20.997614613544723
44.68132510716827,55.986836687527195
74.10622688829407,78.26234774
68.06731461646277,91.09431216570238
87.77229326085153,97.91374858574514
48.729365188327016,94.96549131
42.449592005851116,112.68391013332322
49.94470102,82.68024200813593
39.57042244510424,82.87894739314874
46.95469685374184,83.73576260326354
87.75149773976611,91.92873732
54.26584666027729,7.351214103386675
46.35002566,99.56732471093656
66.38108300763133,109.2641516825428
45.118363496158636,87.21041238315314
53.989541845739566,47.21558583559996
52.941438874548304,78.45446644128192
56.325271627865476,56.528596994718484
55.436706007451804,105.0176555863335
68.71770878834766,58.981809844197436
32.38208842127755,58.027770821285976
70.36274951673822,48.077609384315714
42.94739728756314,92.74620038230327
75.61899353604718,95.51224366441596
42.317244085906594,100.67078237599962
59.41148125536132,97.58025751
37.93966885778248,111.44963377350871
62.16146018006369,41.26112087509308
48.05777440807802,69.82831252928798
22.417809489648874,79.5495895
37.598615695911946,60.78593982057639
58.89933989121619,45.59378187885774
85.77083734304185,83.96459029
65.29085243179657,79.12160096069366
78.89739203732505,78.42349394574073
53.317578430121195,63.39669970642757
60.620509999256996,79.47486627114802
27.290467172226688,86.88896505540941
63.84602504465834,86.55266640275549
45.53373756,39.01714391862099
23.557840888373796,45.88242355995874
59.103335434897055,87.55872159
55.97190262456094,79.74071117
65.93957522697278,58.134211696125384
92.72602583278183,94.33303390774394
63.37769420485468,109.48070340091108
60.582258351334154,93.33143256559036
51.01875712432513,88.43408785141928
54.49340767356137,115.92378202763973
34.23550624383641,50.25522813742015
45.93417661746266,99.87991180887306
70.93876700627952,94.88856279790785
46.679472865581936,80.6003033
83.87912970416282,70.76612850033318
51.921442245207274,96.47544456
49.99855802489894,75.83821220909746
60.517088581451475,111.90238989769276
56.572169465731385,91.31176101703527
48.130148795456726,73.04781589
66.93404096953502,89.32512948644593
36.103416515778704,62.32141547567352
63.62623212133275,102.17308442439251
81.41198792539195,74.43511419203287
62.506334266159286,87.13875791843466
88.17796888744991,91.87121992
55.535078224404444,20.525672856492086
56.566076135734846,106.04184041396944
49.79341067452096,65.93085336162154
71.77453477585648,111.23641851187938
57.851808137203676,90.67159171875987
61.49864700799951,85.28643321088529
78.07592104676532,75.56247381
10.461548987544651,74.60220513466481
66.12124518143578,31.00445378507695
49.098666807666646,70.08054544355349
45.16430118340846,32.73024506
31.080727450277575,22.378588653891008
54.16359458,56.68872295772831
26.61296416257308,93.07979641608175
55.00970780980184,74.53694183532691
80.53064575,105.79758611172507
69.41806828170039,74.79069257178405
49.629200601421765,100.65015675081361
64.16882040967921,99.84299839
54.423250247527186,84.23293886071887
51.31822546399441,70.67157790751317
29.969245388721987,78.89318846125599
61.18592092620562,103.33968566362469
24.18061711125928,25.709678078143664
57.50639701929118,87.23785816912945
71.72920780204036,78.1870478
65.97856348050381,91.13927949055704
69.25568611325915,100.1026908086076
76.64087881748958,70.97844371025933
43.27825424742055,83.82416797
62.13175486027083,101.90142503409758
30.06988303672956,82.01484413989088
62.37178282817667,93.53288369529022
102.4357140515007,83.79191095432219
63.397557625312686,104.76684893102941
16.686431585444634,98.49397422
29.344863394650556,68.92322792426465
48.25252235550516,80.05842236022686
78.96088266823698,65.27827898
30.66809671472999,81.13991654103097
22.54798274110141,97.79607049539933
65.69120045766067,40.74897347949842
72.68303348697094,93.28811484080595
47.16599695,80.51561183063757
76.64964314554204,78.16675624831825
73.22763624065735,72.89091573905841
69.10715015078809,54.18387766250689
76.66259408064725,69.69117464806192
31.263545503864545,81.13954356418733
35.94524907563455,87.69537945286315
27.538771648870874,66.06058819592899
70.66554994716356,53.08538673413284
39.08726264327042,83.37714530317545
53.32442653028394,47.484091793464486
45.86783862480961,93.24491934
46.290438051050195,58.77053049378132
72.93322387373439,51.73065800894537
57.61202361997811,60.08968809
29.569769059622608,67.41561265520606
65.68812529409794,102.02154231736456
21.70922854,65.00937715
68.46866105742687,73.80715778585581
53.12623325322181,89.17432200812287
72.02684152519006,89.37963168633321
57.010158477425186,77.96764974282222
69.97367207314738,105.92148032075544
73.97189627505837,50.65519229809106
38.62263916930722,87.12680805669562
21.903081770639716,82.92390160587767
45.449343877477965,61.02509204179034
47.84073169383018,79.93370032449003
59.27199005730072,71.54879145924195
70.92771544,86.42816479
82.72828273395756,100.25345206740316
74.08270470456425,95.27691824074584
19.400276012440848,32.815888887725606
58.897206968400354,78.28333054511516
47.79234454895332,100.33018313926014
41.83099127821477,85.82422184089252
37.53529311988744,46.49608261647882
16.70717474307864,75.81506536879054
22.19387901475128,36.860373065670174
41.07477207062952,87.96867219303962
67.55187758050636,102.52690397950215
27.820877007907526,118.26426323761605
73.30281758283107,89.96537835075932
60.89415378188684,64.39126810615474
72.74944536860976,72.39508283811388
76.80645313949303,104.51308064909826
90.36615657427276,87.40685997904332
12.074252821777295,70.61785703331206
63.81044927696408,82.62227354985176
61.13779077732083,80.98507617872622
54.55078273751001,103.91230715583673
77.12184486,85.56940196482068
67.47482686078305,73.75606606568552
22.83662817004991,97.54629651833618
76.21623891952785,89.84174867139205
52.98792486847237,89.81297194200488
32.27546760757055,97.68178353999615
26.235681389902194,91.26427250381633
12.801400425998345,89.08641044439793
53.85318699061175,65.20223386
52.94813470609318,94.27437904971002
69.07176567095576,84.99406689422038
54.07458972776437,96.89449634429037
77.17390164,88.58956321545925
71.89190415298542,37.628966209302156
50.77408576461343,82.95571089146476
84.14593990340805,91.76604180618767
24.765196692663018,78.06761101
58.004247378493915,86.68360211507782
15.472217123237993,71.74187253513254
61.90021712030738,63.58897618217699
68.26906020220012,96.72890841538555
77.44722835185543,88.25709547138601
73.51539721694014,86.39438881145648
63.22347134171719,78.73285344782903
54.781304352181785,67.75921924491026
69.89271385623601,91.08591900907275
26.906734587246202,79.84257194194954
31.250981673991564,63.40832489791842
34.360076002306926,92.67222479917797
24.64907784621001,46.50184944045439
55.23624672979291,76.04256490109748
51.121777035722225,75.94445297156415
53.603517854096204,81.71897086446327
81.28377080419304,107.21095535227877
80.06444054350993,99.63665119461001
69.78836731773943,75.86422752075852
46.849596797006214,100.9805344333633
73.85729599824286,97.41877937323139
82.10398100142609,102.60269108714009
74.80020207527703,95.53028375987803
12.138375236732868,90.02105379703603
68.46553145737886,111.56312951214542
77.25094735298505,90.33215128451471
79.9705696,59.05299021292552
67.26535967905603,47.151121960179275
62.21044543676396,83.81529793873017
39.89658925,60.417108574600256
6.452309155879313,52.492254620308316
47.28068703525035,94.25020654758922
44.97637021715214,58.415153373383994
82.28889058710533,50.46373138674567
30.420865570781338,96.36284252657505
54.71830725,70.85940754040695
55.48314275717155,89.48603492665167
74.85304308780374,95.87524342115053
71.92406825377789,52.95265304526858
13.301587391178536,85.90992762885661
73.41018105331335,76.83136040360158
32.48559019287143,102.57929129727209
93.56219151499447,75.86144502571324
15.924128168413441,48.65634126206662
64.04434075,83.54336655703277
66.67835591171102,51.61377293626759
41.307023009166635,104.69741918284993
71.95960027205645,83.30877809970727
58.795193565077284,100.00116032050117
60.971482573909974,90.32172700955158
20.273925068295863,80.45802560160527
66.80563791902487,87.72798910650148
22.95737099827032,73.78015061
31.67220753,99.89577375814243
56.62798196579138,84.88443837342892
97.12008815593855,75.26068703209833
44.17218483731307,57.916652444998654
58.91540340568912,72.08448475400854
80.20383636,67.37378959717613
14.987662179446358,55.797284948445224
56.861507214831484,92.41277703
55.47339371,96.77375280125042
56.95813971419056,53.485125264080146
59.73181899296648,22.68178395453829
62.57273364090148,31.59404148105649
64.21517854175006,46.433571553440046
22.17431908999358,84.06683167812899
40.11967228814824,81.68182425996662
61.01312571366528,85.28300760327052
21.64860758562974,98.95682983901017
55.42190251745539,99.66903314152626
35.08947092894637,78.14948216015456
71.32853757848834,75.8865737
75.18493507614602,81.93008490370175
82.40037704,122.01296803684153
54.13863417601228,74.92442985771585
62.413192484338474,69.20591257
99.76535563586573,27.28050381
53.785145752466995,35.94653337
50.86529760858367,95.91034616887681
75.10546282464925,90.30617483377831
56.29385099056426,65.25236089205318
23.51842706,27.761321691134096
57.764404563816164,72.65622590336805
63.710743294682445,96.16411083674242
66.93131256,35.765420709816844
40.957835824662375,83.12481042748303
45.34018717245102,82.46167892816614
50.45682622291854,86.31081120720539
66.49361835,89.80524307154731
48.96569075325859,72.25908614713842
76.65147032,71.57043933911703
60.66334353585552,91.52164164659621
30.55503255153739,83.95252452482245
54.12332050804101,95.25318344468816
61.18217416024921,96.95646498089253
60.64805439179847,40.05441897036005
52.06108891189651,63.814603535462496
66.31425423117312,108.21176888434613
59.990898585543974,90.76782446181721
54.37030852947092,100.57110605900817
65.87086645503206,79.21181885051958
57.61484773718589,67.55325452567229
36.25792416867624,69.99560776055907
64.56385500992697,72.33351145863034
31.155617709324815,84.30517512208104
58.60882660204451,39.93153576868891
59.712282878777664,54.524811638827735
61.53524687724435,95.26831600749445
33.23723813350997,96.13991618735172
45.10993915287091,47.11042439498689
53.81585774891529,118.04466710556085
66.72906008,76.68660320871095
49.64270599602946,70.27159809849395
45.05697001765485,80.31411387123984
78.44481635415347,87.83558321538743
72.92509457091843,89.27869034677195
99.11248583332525,50.03918266329181
50.707050933133274,55.59590853466912
45.715878331854434,90.96467976659434
49.25548958975003,38.85254941910721
47.48923121,56.94363193572378
37.69481529654548,103.34278763532913
78.27793900084103,77.73035100198858
69.33209702178618,94.11120550205545
57.19684930795846,93.89896018715518
65.39214978069538,97.39457484
62.85536993979736,67.88894170782721
70.23338083394637,98.33114797
52.79590735109031,56.71609808945044
48.75551814458014,61.45059056199624
38.53295420105956,75.49870453159116
62.772811806084235,76.87504152187199
54.42745506145805,92.58283681
48.235352104707566,88.12880340959715
46.473118523023764,67.77588520830612
64.36230015964986,71.50907156397724
82.46570406813554,75.87413347
84.84132750501917,79.35845225251585
48.66908279078426,86.19793669815289
78.26872703588569,97.12995209109424
54.836399505833164,41.83562085456674
65.97354774028626,89.21037897061626
48.27730517,58.96046578
41.262597338555906,53.22125314791011
72.32124455457607,92.66077144412507
54.694385225266934,69.40155242432277
80.42830273653976,76.66903585857582
103.78343169820145,97.41157791574118
48.85418165743604,81.32222287290763
55.850873564854716,75.65531814861168
64.44958304103785,76.36566104070855
63.54280507612288,76.77251038788906
62.73736352507734,43.75290631167013
68.25658454,96.78658799219646
34.68781827970262,79.21413934
73.76238157205617,87.49224603328811
62.83429275747801,106.74256791890686
75.66329429115676,105.29350460797224
39.61345855088955,80.66889427907597
27.681814563997104,70.84501997926719
62.961241740093925,105.07901228119309
70.34654892554582,90.59759958828158
74.06540261579397,74.33391142100508
53.93441517702932,93.53032170228568
87.82489095411758,87.13301780589508
70.39069620570059,91.81589076231272
42.54315750722062,92.01587782856721
71.46318167402485,92.90609347746833
42.81020034770906,83.23208306515126
56.83117895606714,61.79034486561373
54.66880643151668,112.42774264848428
54.60061233710095,93.99008510943953
43.99240560728883,61.74349653588803
68.63195305732788,59.70795787
57.26340746420908,103.18129271793985
45.047237146633435,73.24093544020073
24.17844676311508,44.27089298870395
51.57581150932984,98.67671281802389
57.453215863197876,89.48550139830317
56.06088293550063,100.67868080064616
33.52584652063559,109.35353125082293
59.076364420858816,57.80359525029967
43.69821403265937,70.64560154
41.005771559815884,74.53859476065212
66.13295066738323,103.42141984436647
32.278594104833346,88.11143351
88.30686169,47.64951442509995
41.36436828583752,49.936019941309695
49.47931192696207,103.22086835267929
27.348275559408115,96.85747568348488
59.427171503547676,71.16581468385782
70.66054634822703,85.18102874949737
77.15855658346882,68.68646263905292
52.17106176,90.25367967467369
56.65664859245966,101.92300478968228
75.57876544318502,27.191932728132624
78.16744521410533,74.85410818014871
47.98569835802172,101.48058978684583
37.76008252,70.27449360198062
16.702953752172718,100.37814447089039
57.11905181751817,81.44010621541472
46.120350004612625,101.49445338693945
25.385535574217872,105.07995509282055
59.42179994830521,90.37550997291643
91.50889218309013,31.857716682459234
68.54344394281122,108.0994104736793
81.52131007,18.48088329352243
80.33012106627166,77.35259812573076
63.74228189541262,80.90456809087019
49.264864461658846,104.89725446634486
55.18143244864159,67.98392061116533
62.82429554752283,80.64481567376873
51.91236924093198,114.27509014053923
54.57482185069073,93.36511194927144
46.70812781625318,111.68504331414849
75.41664601488553,107.66886870624177
79.40575378713895,64.95197078
117.9188362,81.52732507231995
47.90425599220379,71.70717301435906
43.59421918487696,115.50477059451848
49.18041856883976,115.70097310846084
58.20290915427566,98.98942488422117
28.036615443645033,99.56645171769888
81.45435440504676,90.74857004773857
79.22604587,53.51290563
71.15466232279823,82.62034071134772
85.11517876131352,86.04260162896199
36.17328535,92.37925862514258
47.655698178528766,72.50733840496915
58.515308534569606,52.64810339690146
27.825809173190134,111.47308597174691
52.49136634,87.08148647352031
75.60435717834025,93.80461962800219
50.150775607283315,76.67338506848282
36.56008286565231,90.48388896788228
34.827024829201484,78.79780201296344
79.92734155541149,77.52992121
64.13603267272424,86.61325992356505
48.70315695923739,110.84980173752923
63.80382081661171,78.96907844543071
31.38231322048227,71.17921256505247
20.788943646029498,98.32958070811824
66.57261323425081,107.75414535140763
83.11670736020798,95.88183780816364
58.158562844157665,91.35890301
60.23022772496848,83.90377000229377
75.52071100698474,61.32505539220031
51.626878888120366,68.24413605296118
49.95701506740608,74.62327736082936
55.01199480667586,76.17573816
47.48795480629089,87.69771262955703
48.18075628,71.4673419
54.75052097716677,115.66150923633539
78.97644927609346,96.27055684987818
39.154785032042966,78.14685657289525
78.50078390846417,56.59467139319133
92.28851585187145,95.84373153695014
100.05325414415037,71.12308393771947
73.75759719893962,88.54597279
64.46052326747754,96.54844054045354
59.60602098539154,81.44841634144281
67.07273761773062,85.72592804547385
100.3529978,61.35105864907014
46.11391170219041,97.84294266478113
76.85630434763208,98.49964682938618
22.831114038378633,88.91302993052379
81.20345254254605,107.32440766436729
49.289559650867325,105.43823617085071
16.10131576723901,54.86994841977425
56.18988209312108,98.19258510184241
77.43290875675336,99.10510792190364
77.73161606381086,64.84999888303523
76.65543679944481,84.07220166223583
57.82032119483429,72.26088803624297
46.87082957481455,86.46110299318977
56.74596213104589,89.73321343733676
64.12687943686676,68.88542068021668
74.18178875656044,90.70488326748445
70.27184482377022,65.52279899821089
63.250464142965726,97.10335479732605
64.96350725307708,33.37594699582514
51.62369508347088,90.49811311149601
29.100452452835032,94.80296173971419
65.96500103141574,93.42271723117626
28.076791863628753,100.97162144502302
39.43016308888657,95.14487357269465
39.70750023062224,54.22119748186086
19.388791917867863,61.091156868047605
56.49664882021965,85.73731425235708
52.34164925004261,91.99985206
52.19222410435269,76.97801713811326
79.25922313449307,95.19251266963299
46.93461675237506,87.41431843860586
54.326370567187666,71.94111956988473
69.42930386103295,100.40555435753163
87.79013297970866,89.01976753118441
53.15399272133988,46.493311688945774
80.68756880509372,73.64395243128094
29.901267092136735,89.65807243715076
65.53418851213863,112.43805649751823
60.62447930242869,94.24447529528825
56.088124458432745,106.47994381198954
49.830597099623745,71.43875865492213
81.26165811970917,42.21609649731435
16.608786900363466,58.89584211817385
48.677459392543426,84.39443922
70.68083003489915,84.05725948305943
104.25110987827958,49.242442711037505
48.78200616794753,86.44118649256237
78.12740167141209,89.60296718845939
33.54924164615436,76.57043321725706
73.13003680049516,82.18012095826454
78.27368079,93.72817538
65.61832382674606,53.424792814768544
38.847075708242265,97.18750367895422
47.341624719289555,49.78896484095208
48.04419170050727,86.72750100882006
90.62384797228027,101.96319873826532
28.126101550493637,95.15659808717281
63.64679447694001,94.95341449
49.892345339203644,109.5210276319029
38.95865902543543,83.98184704398585
47.701201971005304,75.25236852378184
79.51467542,92.24274953850286
44.53869104817686,42.64075582007048
50.25383887284955,97.48558104280548
58.34493936663952,95.15432818242455
46.53721012220853,89.56986712627746
60.73749402,92.48407703
62.26976719884563,52.52872553296518
49.03103026078911,87.26203463472099
41.32326250164479,73.01457471002092
65.95332966650548,73.66647119449512
60.419369456312914,94.09093934606247
58.66182980505393,106.25101543558074
40.94331769646367,90.88299276799842
83.65529491,68.48749159047877
23.533945945726188,91.94776137
58.66460287219073,103.8632096410533
25.727380241588648,65.45572109577697
79.59246126079935,85.01098010036563
63.45235164075867,65.33297457198108
57.1154043,97.60673783603498
46.335320359091014,52.105633550690555
33.06657942765963,90.68558874106728
70.06340801091049,67.01924550314487
51.09043196755071,63.28978422336506
74.88324910991888,101.59947398722517
51.06621007705651,78.82859010010458
63.709621324344454,31.154596682157656
55.163314656155656,57.95927029862122
95.62681383186528,88.09817045622844
12.651077592046878,65.35809953460925
76.65852945389679,33.27963788196292
51.36190033608882,64.49241646563912
76.89692021,71.05267787928013
46.17861660875599,86.41964102452934
91.63057430029858,82.60679270542134
68.66783802185508,66.62730308196092
51.93185228,24.564216309822516
30.927040365638284,99.38825684
53.63772599274665,89.15198705323178
71.53113300389418,93.37447256360993
78.06593428671367,51.04188222586696
57.34256543,44.281508295177666
64.00755869746139,96.70634462431146
78.51429170377835,71.89990043514011
91.32549161344078,60.07332885086241
29.434364802536198,83.52414008393512
31.66571700230803,98.40761516183261
71.36460869194045,102.92105678437467
61.07710034192827,27.595671893645516
54.37467917428117,104.07904048937259
73.29321961307812,84.05165347
64.99787116,78.74625739590235
71.25455412402464,46.32338412711308
93.16941747159754,47.54498719051372
79.32234706118712,60.068492853980544
42.244779133806325,87.41449042191466
63.39105411,64.68529669888677
73.89156027063082,88.27064631341729
37.20648531801039,85.68080857264356
43.44581337636001,64.17610019382029
60.57005535005529,72.60576602556505
64.08653929378433,42.640047229161375
26.986027608869044,97.19872111842615
66.4967637,106.99454584591074
63.055838014574206,109.62941959500982
33.23730255621259,95.35055548016395
36.84647364978092,108.00752672465252
67.30340639461724,48.08940979091495
25.617485750374044,87.45992795834329
80.59712144909193,90.78767371335316
76.43137137732917,52.56745764560885
42.55689788190712,81.61021213
72.21675220713269,56.48002146390627
67.54293722984282,51.62089776009623
67.84270528586353,65.44445296257264
46.41407195611666,83.82969435328111
52.589006359957736,94.80577579
68.44327067790674,79.10872405125598
69.08142256252741,69.50003662154946
39.37803291820881,85.27442765719758
93.48304561,102.63314665823694
35.791669669453064,70.5544172
53.99439858854114,36.082481292689785
61.59037207285975,55.235292105917885
57.35693788412147,45.514230427758655
41.027722789489175,76.33613559648919
36.78248290167008,79.45919796730016
86.13228350855192,85.70237840986607
64.88210781,103.83070210285503
42.12445926166882,75.56016000624999
54.45699345644316,73.80757126216933
55.81411576719554,103.22407794807509
49.69090337212069,69.85298389
43.06980149996713,86.61992304867303
90.64119315053678,96.98933366
39.454304706235355,64.45501763139156
54.594251028843054,97.21493348973397
71.69958519104897,75.84528113769991
28.960146231558255,105.7075985553103
60.837327567116056,68.94985486242837
80.52424335472963,72.90478279
111.50522739221763,95.97844948596908
47.69489084,93.52336475783547
37.406243155585614,72.90578687
63.15446767680322,39.35424514591974