A1-LCD-hub-displacement-angstrom,FUS-LCD-hub-displacement-angstrom,EWSR1-LCD-hub-displacement-angstrom,TIA1-LCD-hub-displacement-angstrom
33.70241712,33.14889071,16.89759838,27.33120252
26.8227992,33.82563931,18.07218678,32.60885945
25.80821512,47.20486572,14.24181518,25.5280219
21.20744121,30.1750416,19.43779746,21.90932834
28.36234045,33.81207748,16.41324051,10.56189885
37.12633458,25.07406335,28.89658919,31.88287878
44.58702838,21.75181159,18.55637381,21.08987619
28.7861638,33.13552038,26.8083184,30.94395777
51.01379327,15.81585772,30.46453235,62.32925322
14.16437938,14.95819848,6.159795128,31.13473024
18.64528992,53.82792708,14.45905304,43.66892278
22.83088271,11.82905299,7.965493629,19.8452931
20.61952167,26.47955322,27.46980067,40.34239942
29.10499877,37.43052173,25.9889763,19.16924949
11.47733617,10.59561353,24.94484614,30.32163529
23.59455967,16.25187955,20.23119033,22.45998164
29.28509496,31.55719921,20.92288789,14.16468244
39.91017429,20.17357303,30.59438165,22.94064819
20.7881055,33.51891567,11.26412681,34.16912454
42.14672532,11.80645767,14.21959299,33.05939409
40.47670382,28.71231556,21.35185993,50.46054551
19.12509988,15.06191324,18.59831604,48.66189834
35.60614258,16.7678782,16.22417315,38.35180994
32.74769834,36.89458807,23.65342237,44.15423323
33.2199165,44.99157568,17.01850088,39.09832759
20.61743879,14.56587758,17.55459031,31.01055584
28.92024369,19.94925673,18.43032685,30.97454494
32.91141859,40.18775982,12.77130756,30.86308702
22.38099157,22.94650682,21.1429075,31.3522551
22.06333805,29.83468484,22.37533775,25.15473106
20.43817296,33.87885218,11.03479797,28.55371164
30.75189181,16.58731605,19.90588856,61.57696751
33.53611579,34.06294268,17.81097844,51.33198259
22.26169865,30.44799835,28.76166937,44.04461221
11.89896169,28.16752288,11.35413847,18.47208508
31.96315836,21.99709032,24.51183476,28.02521581
21.33032378,23.0094664,21.51128528,32.06160718
20.66314548,29.12285522,12.60339618,29.9301163
24.93988273,12.4611049,18.67046099,27.18640447
26.42420105,24.40738175,20.44259994,40.65330104
18.99048297,17.02020115,9.34034124,24.63271004
19.87645586,22.25685972,13.49562712,20.73150422
24.35354688,34.59373067,15.40034302,17.36144909
13.7853419,25.043426,26.5889237,21.27581188
27.39042952,12.96440012,13.56120908,53.5084425
35.79911641,24.91260401,12.2340798,29.0728334
25.56540802,25.97059654,22.90045143,29.37669294
15.70037534,11.28804106,31.12834335,18.41234729
24.87941281,7.790327798,28.19705541,26.16821889
22.29849547,15.89770398,10.32352665,47.68008062
18.76831163,21.92348984,20.96425255,12.57373917
23.64214129,15.97435663,17.92772989,31.23271788
22.18103925,30.10106906,16.90164822,25.78111906
11.32263082,21.46086519,16.3412462,34.23700455
12.30819288,34.42459216,22.73044206,24.99327922
24.97548903,28.41224114,15.43965314,43.774231
30.27359845,37.60008564,17.80617046,20.25173528
13.25231948,21.20557098,16.94383986,35.06175679
24.3686825,24.90186407,13.36455536,25.00940747
17.12917014,35.45850209,32.87796549,22.59180548
46.64408522,22.81424102,9.095437126,22.45322536
23.84005231,16.91507917,9.49698287,28.05217646
26.86047844,40.3815834,15.86162666,27.93044949
21.32689468,19.70209755,19.81948692,35.93321691
16.8217282,29.53216249,17.12381758,34.07439624
17.99566288,14.76321412,15.99286334,28.5691945
28.60334613,43.33507213,19.33438798,55.11050548
26.12683104,41.17336337,25.79611006,38.7107868
15.63775331,29.12863963,19.17852689,34.08113348
24.14493084,30.95516685,24.5555628,30.09535339
31.78318295,42.35486397,9.360003966,57.06892155
33.16955826,18.30091934,16.00772207,23.78897791
40.56877357,14.98138696,36.3171099,39.60777383
30.56819336,11.8624392,15.24773994,44.85015321
24.38899452,41.73362302,15.15259038,25.40953285
24.87775974,32.92463273,19.74782879,31.37695498
24.81281533,30.92334809,15.27117937,30.82621196
17.49723808,27.6556144,12.12490106,37.20833142
35.57923871,16.70528981,18.82615533,30.20995389
34.24656212,14.98769632,17.41616822,31.33045907
22.17482434,34.49352237,11.40829952,27.04551218
30.51510923,22.65526701,24.16486625,100.59135
40.35284463,19.30375039,16.09949062,35.68209686
14.80061428,20.41072579,13.16090824,58.45031305
33.12328467,27.01624147,21.25272914,20.74526066
24.27000746,28.14717348,12.54560126,33.02494656
27.0066403,25.96050935,13.20015489,28.35973753
30.92831904,18.44340776,24.05878582,23.6752537
29.91147843,22.92518014,16.87850899,30.58981607
11.21689475,15.43052911,23.35214381,39.0464514
37.91176493,28.22981407,21.36116768,31.81379013
34.19759792,26.25161195,17.90183487,21.48094725
18.86535721,19.18355319,22.68814365,48.28805713
17.07078469,25.45306421,19.93852222,28.79585002
14.65372651,18.96362264,22.26099906,48.86323678
22.11960318,6.659851636,19.55795517,20.01380946
30.00501154,25.03890228,24.39551368,25.09776919
52.12339415,11.67478328,25.39982974,29.56780765
47.57495927,27.86141811,5.695955348,39.17889951
32.86835445,32.63670988,28.11143371,10.58956603
31.54769282,27.46808811,21.38085001,27.29519219
22.97264156,24.84903957,20.44067778,48.12537011
26.20157942,25.01106448,19.56925585,26.74355246
16.77719128,11.19198537,26.28584269,30.25279992
26.92992175,36.26359395,31.26441444,25.68934922
22.31521537,29.21028286,18.5458174,51.37875721
13.95393134,13.15977426,36.36051645,39.09304541
23.58738828,23.64577261,6.27833751,20.68198435
29.4554808,15.15201231,28.53390164,43.63936817
39.78819878,33.91213093,25.02864708,31.39089619
28.05333836,23.89068508,16.39956847,15.15390559
29.71146132,24.15332969,31.43913247,24.60104419
33.02159451,9.627662603,17.59812308,18.2996259
14.32594978,26.47997392,14.66695526,32.65002851
26.86783578,15.57054813,22.26517065,30.49504344
17.50503754,17.7410517,22.2424859,25.60347961
13.65640843,33.10809341,11.24952475,45.25830703
45.13172375,31.81589771,13.47718103,26.44172332
45.3759571,10.09901552,15.68204863,27.88510196
25.33440099,24.2861185,16.05189466,28.34213234
14.16161899,34.2570923,14.56108571,26.56493867
21.97962663,16.85718119,18.6712923,23.00168078
8.655352419,16.67038337,19.2220524,30.53628912
30.09162303,46.74852346,17.61568771,25.2671971
12.21249731,27.71439694,21.32534386,23.44967515
29.90769525,25.47430837,18.56127301,19.4389047
41.15077585,11.82671447,24.87122917,31.16363071
23.77343585,12.81253253,19.35662544,38.50474242
45.2179947,12.75536638,16.69389841,26.09788281
41.7545479,19.46489518,23.51359514,41.64184496
52.05618271,29.21637537,23.79195077,45.81187864
33.85073443,32.49602043,17.66981947,27.62808456
26.93599434,27.7307015,11.02556415,24.20017677
49.63044052,20.27498911,13.53485116,19.26972353
23.43975017,14.19188232,34.70822126,31.00988868
20.91539398,17.5088812,24.48524173,39.01093694
41.48151208,16.43371219,14.19372512,27.92773512
20.61602497,16.39592845,18.33131661,27.1091617
15.89074651,20.67916726,26.16013645,43.22465861
26.69667018,14.29684359,18.05729793,32.59145595
28.65137038,22.37943843,31.24208887,40.06397175
32.90060927,22.13837785,40.76083817,43.16666692
22.90892206,14.27054849,31.40643998,35.51280212
33.71520005,23.36511386,27.43071779,43.83941312
23.47394532,18.40250729,22.95234806,18.97408677
7.90803571,18.83181138,24.4974151,26.80491297
33.92152017,19.74055662,14.8498799,27.56550437
35.36808109,21.86124614,23.02090794,29.24680634
23.91945087,12.49186633,13.66392649,12.61688588
22.76591228,43.32510224,16.94105343,36.82617706
27.70898912,17.42065743,8.770296209,16.60287402
19.7306376,19.91851347,23.157273,46.21251439
24.80327455,13.05120034,19.830308,24.07075852
22.7465722,14.35703049,16.36962387,25.56867842
32.06706298,13.63471066,9.797197863,18.84212411
28.26030161,12.80513373,5.494719139,45.85221988
28.7496031,17.34653059,30.76801804,22.92030318
18.24864965,24.06889638,14.19441877,43.12168675
22.2662522,23.70747832,26.7195579,20.722169
39.9335824,15.32355894,18.00069097,32.82539188
16.73410976,25.01351213,26.73688897,29.02365047
28.85719589,34.48669804,20.28065109,20.69358894
31.84242438,23.85472978,11.81898651,24.04158187
17.45580278,19.44575672,13.85870357,20.8691686
23.84118046,22.92965999,17.26629537,33.53891917
21.54881889,18.40184701,24.02683391,30.47996783
23.70045956,12.64616038,10.36010012,19.87798467
22.74541297,12.63193244,17.11728353,23.55649153
22.58706688,25.36819916,18.78771139,27.66377114
25.33167198,26.05235987,17.09469342,21.05437647
57.05136737,11.87244977,34.32150603,32.60800164
36.13034382,28.89137241,27.24445322,25.15503773
26.80524986,10.28055034,13.7019107,28.35649329
33.07652379,17.03065642,21.15760238,30.64582792
26.84157683,20.30243653,30.27886038,24.74120506
37.47405387,23.86188994,21.78719204,33.09821102
20.52227728,47.48250603,17.48801539,41.48049234
42.95821737,30.04661141,15.69754814,31.69092694
36.11038008,9.989830758,16.36844066,28.34848169
27.01887315,31.61149075,6.792390182,36.31595067
29.81419619,24.59881214,16.80522166,35.51617014
25.99974348,25.90608712,17.76823628,32.71246771
32.19153691,22.47555984,5.872678666,32.07310924
15.21129583,19.38178542,6.727127989,43.7509943
51.62172837,24.12178509,19.57698947,25.0975146
26.80345523,22.99116454,22.77943855,60.91976421
32.61378271,28.3795458,12.28733934,25.73806657
21.1313534,46.20272015,17.21385366,31.11119393
33.94171458,22.67979044,17.18721443,18.14865305
32.32830597,19.35225627,8.923456752,20.19005043
35.90025533,43.63566695,22.88459076,37.85861703
42.81316058,19.26778473,17.76098393,27.60469367
30.76800889,15.66902611,14.89441953,35.50708061
20.36687463,37.24238722,14.48701574,20.97042635
29.86980859,22.02275573,19.81256129,39.00892095
22.84186865,25.41962335,27.02280961,37.55125191
44.2733633,13.05444709,27.01932494,33.40350319
16.41324343,29.5672367,17.81076097,35.67446833
41.38241018,33.61104829,31.59288222,31.78344934
35.13663781,15.92912582,26.04565491,38.37893967
35.88438885,26.38041553,19.04349572,44.39265649
23.10589485,18.29825519,11.51823838,59.98704909
31.34113459,40.02165002,16.8197131,32.85869811
18.49450474,30.76218416,24.87166406,27.33907521
17.59194485,14.58850834,22.78316274,32.55533487
32.2633134,26.63327235,10.27344378,28.29416688
15.69744171,34.98641274,24.05401934,33.96069415
35.15902892,28.73186317,18.07636654,26.07094301
30.94893286,37.5835286,25.99367809,30.04516107
57.6043267,46.77149452,14.59793765,22.85577318
39.71565731,28.72233042,14.0532066,58.50669196
34.25697223,30.13611588,29.5327744,32.65948477
30.79585779,28.46035833,14.24929784,27.28868143
22.80020061,23.74090724,21.83426409,26.84240416
19.29431387,13.94322688,15.08471717,38.49177284
22.24603471,10.47545907,14.11393593,31.87615002
38.14721462,37.02781138,17.78740014,20.69922833
38.49945156,36.27155668,11.05715565,34.38859484
37.49403919,36.73482403,20.80525379,17.10312647
21.28788606,41.19778817,19.36866558,29.97146541
24.9231978,36.51477881,6.314489123,45.76848833
9.477768314,23.51646164,13.38988654,36.11056828
38.66034575,30.73055448,19.408575,21.27268991
26.64785476,29.04232812,6.239095803,39.74672687
28.73052841,15.20689439,18.21717041,32.21495919
22.40738108,24.62631531,15.71946923,43.51039749
31.18592194,26.79195342,19.31420317,18.35074792
24.14098831,21.67499387,20.54001848,25.88230235
22.34316242,32.78522638,18.40660058,24.24861895
12.57019242,33.76250533,10.3933082,23.43740142
23.27984787,35.47507089,18.02861474,37.8101335
15.23042674,35.17022366,29.94935835,26.92155122
21.58766451,24.2321111,18.46392156,28.27588818
30.55689025,34.46982091,25.97304115,33.51490441
25.15626107,27.67423057,23.27397562,22.4790489
35.50026153,17.11052911,16.63853401,46.07755408
21.15386782,32.21580688,28.39584487,28.77718337
32.31918734,26.31237435,18.1155642,20.64036591
24.19589799,26.93541313,20.70193949,43.61450668
21.40532043,18.56502565,27.01382929,25.59501476
29.55170607,38.05037112,11.01034614,40.0978681
24.07266896,35.6461706,17.0190912,31.09258447
31.19324277,21.49117061,22.98182466,39.6335785
29.23786345,25.0257137,19.14347935,40.67413295
15.4697255,12.32662008,14.93414104,39.00891543
21.94561737,18.76048896,13.59416013,30.82143
20.74050089,43.11455715,22.42152686,53.40311999
42.52630019,19.52055994,14.24867841,30.03370265
26.21259739,31.51460811,19.02517544,43.81100565
12.21506875,17.38689296,22.79895844,37.78679425
15.64808042,18.96668429,19.33016493,47.21524104
14.10348594,34.14991773,22.5242143,22.61238277
33.56278538,15.68498164,14.49701559,6.983089083
26.11185701,23.6696224,13.18457802,40.46813758
33.07352772,21.37615817,17.32474099,26.32585518
45.46080556,31.83979966,12.93532564,21.17781512
43.72361381,26.4723559,21.33059417,56.1353622
27.57530116,21.31915865,18.45227077,32.06495344
34.12364544,24.36478351,9.443961769,49.29806013
34.95709493,18.20129557,14.69322624,34.66362338
18.62161612,26.85491089,16.08273387,36.06782514
40.72530847,31.18405963,30.85384481,52.82559618
31.41905331,32.14541482,12.73321536,41.68582159
52.87338392,24.09935413,9.496204945,36.26001217
31.9345573,29.37310102,22.41384202,39.97753571
22.02767986,24.10977517,30.64915338,43.52817623
19.12514871,16.56322651,16.66387086,21.61566765
25.67596278,38.08003191,19.34415807,27.91814175
50.0112019,21.34263683,25.47641695,17.4427638
28.01089505,21.54091454,7.517108221,36.7913216
45.45360713,34.97748026,10.61047372,25.79252582
30.65853861,33.83221251,6.343676844,30.41696071
38.97035346,12.71195903,35.16783489,30.23992091
33.24313273,16.50109464,34.02917196,27.53204433
27.54364521,11.74605198,9.909612626,55.77441987
25.04950242,19.31538111,16.46505842,52.17783302
41.06249053,35.44268154,14.29428867,20.51483023
28.26865469,19.64639652,21.10245634,22.13435024
35.43963748,30.01724736,15.37172214,19.2284245
26.242093,10.98978413,20.78748329,37.22110242
52.4513929,34.02733072,20.19027137,17.73017353
14.19294311,29.8089873,15.47510665,16.34256232
51.13491154,11.47306009,26.38043926,30.33149598
12.76955657,42.43924657,13.60236584,13.18570824
38.77042188,11.71947551,18.1758137,29.86070362
26.79750453,24.18369212,18.01928956,36.03265013
24.26861933,18.25425936,18.03966291,22.10178484
13.98777033,24.28371055,27.58219648,48.52994099
37.37753511,31.88781362,10.97625005,28.17281338
55.33497979,16.82399138,23.35228066,22.55428223
16.25079593,22.4154295,17.93382296,28.68366566
26.83340623,35.5779674,14.86667257,16.16077155
14.38249205,32.51486091,23.7026685,29.8824673
29.53661788,43.59871037,14.32195175,17.22057152
50.54673746,15.15661581,9.383381331,26.76199252
21.15282668,18.52472711,19.54886301,9.841495934
47.59812128,17.9091895,26.76630368,18.3375217
26.50659463,17.63097568,9.990178764,23.58794264
26.40625169,26.28170549,16.2708683,17.99558141
36.12436461,34.62987222,32.1351659,31.46827992
29.12157542,23.38223433,18.39105348,24.90423903
31.31070897,31.39447395,16.27096144,44.00234239
33.73160577,20.98843666,18.04627331,26.85512869
41.18149785,36.65097916,11.90887188,49.51425129
34.04529237,33.20794245,17.71464878,30.13650365
40.26663958,14.33152238,23.03738821,11.51407588
32.16659834,26.29595206,21.62425815,15.22316328
42.69621103,15.43126194,13.89273483,39.04673535
29.15296306,20.42687461,12.95493755,46.30854132
20.68015213,24.66728217,8.138790983,42.80879972
25.96759733,12.51508319,17.32411992,24.50993084
27.21427849,29.81346596,19.63104445,26.68978455
41.08703571,26.93319463,22.05145456,37.15671664
26.66788938,31.65611937,25.21353868,26.99951716
25.80836962,24.51560107,26.47304149,34.30933606
34.1312498,27.5411129,25.58555474,28.5298687
32.70867101,24.86466129,21.25794482,24.90826614
31.71153329,23.56810206,15.92153102,23.08784565
38.639134,25.05865344,21.22173788,41.84485081
34.02447277,18.87392515,11.26031594,16.50062603
50.43758629,16.78099981,19.36477627,41.97518884
19.15115762,28.89190761,21.11391557,15.1589187
26.44297083,31.52176162,19.94547502,35.15398991
27.05808447,25.02636088,8.020426812,32.61343311
17.64686656,49.84274307,28.68350063,34.7612594
22.2378926,15.89418402,10.80181742,20.62019854
23.31948259,18.0947702,32.71338534,27.79465429
23.41952665,22.63672296,28.87369224,22.48520867
17.69738917,18.48865044,19.95907408,23.20943422
25.39410962,26.80309978,6.732704512,20.58680369
25.01834873,30.13503642,24.50071927,29.37177567
50.33674117,27.94245896,36.00676522,36.99036105
23.15596341,15.82371963,7.471684879,39.77953621
19.54425918,27.81698168,13.94968978,33.54862861
24.66737507,12.54749468,14.97394785,33.12831885
18.77761998,22.61719539,28.69958395,25.10163171
22.23156274,25.33848237,11.94379304,30.8922554
43.37720472,12.44353321,16.53367847,39.82459087
35.10552013,28.97882975,9.620670721,16.88426877
27.60261129,16.54597161,21.66788404,23.94407849
32.14725958,29.61774761,19.48174946,30.50429645
35.58515937,20.31585458,17.11369775,26.58887728
27.50801648,24.12409929,21.60462152,39.77128631
23.71640104,22.15087836,16.15592812,14.68877479
28.98766065,25.13263845,16.62204862,34.3738236
46.82245027,16.50621288,13.89478591,22.77965781
33.2232897,20.99320358,36.98463397,18.0662779
43.34406745,21.23525332,33.18176389,33.42406426
29.80428041,22.03293636,17.01915843,12.9782066
18.34642044,26.06871423,23.24135809,21.69041126
40.50363308,25.7002902,22.34568237,31.05039082
34.3966832,24.31883332,7.262716005,10.25303865
36.27294757,30.51373326,16.72519105,36.11590235
23.73896032,41.77558806,13.14513211,40.73489414
21.81354567,24.42839699,22.01243872,41.03625491
65.49906692,43.75207094,22.78827232,33.10667465
26.13079847,16.56828138,22.26405447,42.57823767
24.74133,22.19909578,19.24798274,37.39100455
65.12365276,23.08078509,15.26840311,27.67254108
28.91069222,19.73476224,13.71414432,25.98749559
18.47107602,27.09213327,7.591869548,26.76211907
17.86898775,15.67678841,31.09472944,28.95083466
21.52220488,31.09238671,21.79326696,35.24250291
26.75417903,15.90915337,29.84376217,25.96832189
20.60817477,22.87972883,20.89604766,17.36715542
19.79046656,32.97588913,25.58345029,25.56026478
22.31714255,25.39062159,13.95801599,19.36806692
12.16439618,38.50366877,18.77685846,24.30140722
43.82716823,20.18668554,30.36754144,49.11390344
42.47197181,29.67863215,23.34160311,30.69071853
42.22133741,12.21021794,21.90344433,35.31075388
18.14808586,28.5490397,17.67138552,33.85998272
28.24705386,22.36070083,31.00586114,46.67713538
35.91633599,21.10173541,27.45866073,33.49917977
34.25156849,40.8818616,23.54384614,23.58012231
27.68332402,23.54241135,20.13811024,41.45408669
35.72166559,19.93976079,25.09340388,19.31565035
32.81407874,26.60480778,21.99265954,73.31026228
28.40243405,31.16544447,12.60561811,56.44507764
42.59094378,22.87473957,22.52888201,37.08921912
45.60853933,20.01245702,19.41186067,25.37118342
22.6905731,23.71977665,16.61974835,40.89504284
37.41361279,14.34516472,19.60415594,20.34233168
31.62776675,38.00996619,28.05866819,32.47390417
27.52628534,4.220399776,13.95785694,24.06372833
21.27989006,16.69167531,34.12814934,19.92057294
35.39913808,30.58159221,32.34823005,27.42808331
28.63143828,35.12889084,18.491957,26.67341036
19.73546987,31.22666267,30.83891755,27.44443919
22.05572002,16.8602893,16.28692474,24.02438843
48.61892266,21.26106739,13.3959615,26.06269585
33.19300242,22.69650901,14.02675364,34.75779533
30.55699314,32.98259383,16.99065108,24.69399853
45.01339344,29.36852335,18.71626326,38.21184224
36.41258376,18.04432644,14.6333395,50.33158313
33.74502477,36.92768209,22.12008213,32.50980391
26.66637107,21.94914278,22.07480974,17.03826829
37.52648058,27.2199243,9.335099533,48.78168497
8.894776081,53.34701232,27.09621307,33.17211823
25.63997933,18.64287057,12.81947445,15.02559106
13.85163148,27.28286736,30.92928901,44.79446782
24.12740834,27.9192255,11.73908964,19.91273228
22.94750407,28.67896505,19.87652977,19.33624245
25.91547902,27.50164432,9.175003572,24.2823193
26.7636028,20.19534178,19.74164315,28.10887337
33.76472168,16.34189254,17.31317101,16.28812104
41.44479563,25.54699909,38.54355533,33.26224937
24.21196067,33.49620126,22.68455726,26.08812707
27.92112547,14.56416906,19.38928888,30.50061736
55.0986664,11.14907673,21.34658422,16.08848175
19.03477961,31.10206426,23.72282836,73.38836697
25.81675237,26.22960291,19.31530421,16.16279483
35.23986413,24.96961429,14.60879646,21.57649376
33.10242893,17.35370593,7.03456703,22.00038021
40.41407975,27.28168939,10.34646033,40.79942427
32.668307,26.8292744,29.16092667,36.32846812
20.65769045,21.7869986,14.87382462,11.09416211
14.16123069,14.91464743,27.92122267,46.92694376
25.47088894,34.44342585,16.04875496,23.89759688
20.64910049,28.08938755,24.34517569,27.44861435
13.55670308,32.73135289,26.87889942,33.9173468
19.75327885,24.76305641,18.83826169,35.44153659
23.08362018,40.64180234,19.88189504,30.06277352
33.77652135,20.32852488,25.14345606,29.2625173
10.46888956,35.77218952,28.29225515,66.67688347
18.42843853,8.974236926,26.32135974,36.60838391
36.21298453,20.12965263,17.73152157,17.8331709
39.40752931,20.93816514,19.54871203,48.76471368
70.60032664,23.23109539,16.0258454,44.82755773
28.66056135,43.07144335,12.16778104,34.73017715
37.82377536,21.48837679,29.95550068,21.80234892
23.75718208,11.52718276,28.34705302,29.18626199
26.17713441,25.61027713,21.61517916,28.8852337
28.64173125,19.61396978,16.27491212,18.77098367
34.97728248,19.96047403,11.44078265,21.96966552
28.51595692,16.98866387,24.27392192,12.95223496
19.63099749,30.15722442,18.26796903,18.1845204
17.90233092,11.63180111,14.14811864,29.55985916
22.02970099,23.4101092,13.43711404,26.92422436
18.57228407,10.35035543,16.11962513,27.94799286
24.13896684,22.47371439,17.76999372,15.02951451
22.35921425,28.58357925,21.41043018,20.25088965
29.54058955,15.24840335,19.24029276,46.92647708
15.75602308,30.8825032,22.95774074,23.08242102
26.35700068,38.81713295,24.22700198,22.5201329
31.06035391,28.73791428,28.95624405,25.2213308
24.77167742,45.31203414,15.20136554,23.0869018
18.92458106,33.20596663,22.39560221,15.39415174
19.38052621,17.76138794,27.68585902,50.93597379
24.01515081,10.84429677,24.57411843,34.96652812
20.55480962,16.88521233,22.10941616,15.38458553
13.06319443,23.40472058,29.74802641,22.46952873
21.51212119,33.3555108,20.13233254,23.02482707
32.12964875,18.69827918,14.63326489,35.12360195
29.57484573,32.22673173,18.87296502,33.81825565
38.74548049,19.1921287,18.43625224,28.02064162
16.41234385,46.34885987,16.6606167,24.44306992
31.82751329,26.10136573,18.4661075,22.44468416
20.90374105,33.73890196,21.21767286,42.06481412
27.61955205,27.60378497,22.16313169,42.21532886
29.92337707,11.7833819,13.74323823,35.86170062
18.87106694,21.15101355,17.42888515,29.40982683
35.16402772,30.56905089,31.71244966,16.33082441
30.13800135,16.82375563,23.30372192,27.0712179
35.99742275,29.55408872,19.27648698,23.85433148
16.02519282,35.43991358,12.66368455,34.64952928
40.78216598,23.69141356,30.76367491,31.68112729
22.20902719,40.39621697,27.22218721,14.31907209
34.05001554,32.88335233,13.65760372,20.71692861
21.88183277,15.25012881,21.30031511,21.33126946
24.01513541,21.7845578,12.13090462,44.10582534
14.9872355,26.49980822,25.42085031,34.2985101
24.82342811,27.40152243,17.64529784,30.84392586
31.59526446,26.90434464,16.90366201,53.45576172
24.58041074,13.29514822,29.94404343,34.42276394
26.01994248,29.0259935,17.44395273,25.22684513
35.59246539,28.51203707,7.147706137,36.49861946
25.52983469,30.98803671,21.13810448,23.71974199
19.07626568,22.26126837,34.20602052,20.90535748
27.77210354,15.81170409,14.93272416,44.27854068
30.93670209,19.94254509,14.07755985,23.35327386
11.73379919,29.98646738,18.43084063,24.87231498
22.17808896,18.03517417,11.00027668,38.83092994
41.71933292,28.32201816,28.81399552,32.44196065
12.04489061,8.85673534,7.023296902,55.16859003
25.51108158,43.2542917,17.62489906,24.82783417
22.21496748,12.56168927,27.67788576,32.71560838
30.15250798,20.35904652,12.97902753,28.79331439
36.40920897,24.49914073,12.26811834,39.90460053
37.4927329,24.32233677,21.14080577,18.32289629
25.84853847,14.93724535,30.56793858,30.74697735
51.95077783,14.61614345,38.59235227,11.82081278
25.6941269,21.80080191,11.30824651,14.61989421
38.26123323,23.14790075,22.30062965,27.63582752
27.05348357,21.79788461,25.93244212,28.68028923
30.84573572,25.37767156,28.49446026,34.89850087
16.26593097,22.12920441,31.7887327,25.62158971
36.17003833,14.38241976,16.37422251,28.76396657
21.83094902,27.37175788,27.54148359,12.28240644
25.27433875,40.24842239,23.79023138,45.61214595
34.51855007,17.96575161,12.97376287,51.32212304
15.29340381,21.5115441,24.98932853,22.00459396
51.93504329,23.41851832,17.36821161,36.55220485
27.34122567,25.11934669,24.30254725,28.22785997
23.42889653,22.14229501,29.7943584,52.29663639
28.89196471,23.3478907,13.88132443,47.00206469
31.00003149,35.18190217,9.01412959,29.05999868
38.81856041,19.70264286,40.00901619,24.1391689
21.45358312,19.38385332,17.32064481,25.06157731
23.30511948,29.877159,16.62648656,27.47479465
23.71570913,37.19941641,26.0082128,39.726468
31.65153637,12.67602199,17.66119148,34.39620453
37.91007146,19.20957123,19.58239349,33.31533246
21.8390924,22.83489653,23.35532255,19.28828783
22.78396592,32.43956579,14.19151198,28.71904099
41.60475728,22.33675699,17.37796946,23.99091103
30.55643853,32.84639301,12.55718304,25.6052891
13.62269088,33.70708297,23.37278973,31.4013743
19.10362352,22.5000576,15.6920215,19.56822847
18.93679168,19.38572323,16.68796152,32.30510085
36.40137548,19.64010103,17.27077967,25.79575308
32.11240653,24.66730195,25.62244135,26.05718145
39.57997036,24.94151458,22.61732238,16.87337782
26.8484235,38.06366289,27.03339333,28.86180617
30.69972779,12.90092291,12.83787302,20.65124014
29.58169814,21.09852003,14.35119884,29.02542657
18.18579835,25.42045575,14.85890869,12.83269028
16.38134657,19.43060609,19.76498083,28.47228498
36.1898087,21.21697801,30.4424086,18.13752396
15.65171085,36.49194217,18.30563456,34.28456966
40.69554228,15.53534806,22.32004167,26.67319173
33.64000536,16.52051105,12.21287558,21.51163871
27.4787452,17.9611086,19.38673362,27.66310349
14.61347247,21.40963247,13.63366784,32.85733969
43.14618754,9.326302564,13.2916398,16.82198012
41.01542322,21.96330843,19.78148714,35.8238604
15.52741772,19.45178175,8.791476062,16.1373985
23.08488376,19.80182411,25.06017306,21.62944171
32.64529402,19.60373772,13.4193876,34.52082561
27.7082088,39.7311532,14.45526987,31.31653834
15.24028377,29.65875656,19.47089673,48.16637694
24.50199808,41.58352794,16.16824877,15.98735986
26.37913247,37.6859184,18.01069947,16.8864056
30.28937162,20.66477114,18.14148764,32.19286592
27.11848394,34.64027701,18.8480977,28.21705728
21.70227593,21.0572085,20.6363793,27.22408261
14.30168543,22.8195779,25.34426846,19.29204006
16.88376376,30.04686804,17.22897843,22.92104405
24.44938832,28.56717838,8.223005398,22.49121713
39.5583665,28.70539827,24.1751217,34.22065426
33.84084,42.16324029,23.49369491,38.85433298
26.94166614,49.89178945,19.12189679,21.61072696
21.41606108,18.50999845,21.81256138,21.47679341
19.35967552,24.82440289,17.48387701,8.287848377
29.31010798,41.54122081,25.74729986,25.62712513
29.82475656,25.37740562,19.50821025,25.54771812
29.14070715,22.80067272,12.92893921,39.50341967
42.96315804,18.89206151,7.589256227,37.78246992
33.90255544,20.87248284,23.30748862,31.18690707
23.47964831,24.51359826,14.29008951,31.21274006
21.25855987,20.91784116,28.06545243,34.69552169
18.17420141,19.30878492,10.2401814,33.0389183
34.94198166,31.21438713,20.26597222,26.25480238
27.46033879,21.88059413,8.96661009,26.46843236
28.58153743,21.64809106,20.90867304,31.34105962
38.6084384,18.72533565,30.69493721,29.03729083
42.11835357,25.28432187,4.856971217,37.93161421
22.10099908,22.63131944,29.05578142,32.63901459
31.54315868,30.3252214,20.09070263,31.05039555
41.80036821,20.42347836,15.22389946,30.90607323
21.11625436,25.64776885,19.42327951,53.28481828
36.71244859,33.20248152,10.71411666,52.10706797
33.48719953,25.23058494,21.38735431,26.00590978
25.89762515,18.16021601,27.56324246,38.32430732
30.9473199,32.25596405,19.54081948,17.85058615
24.10280623,20.7927289,20.66288281,29.1594857
21.22940227,40.95301924,13.73985595,37.35221553
33.31860456,10.60106953,18.75272166,27.58492978
19.36770802,31.28774506,12.38984981,25.26723218
20.99467623,33.85420515,30.16170819,31.41593402
22.84357439,21.61270662,36.03580321,28.18078139
29.76252896,27.24895604,13.78311991,21.8397908
20.85082671,11.40380749,18.34829441,23.01162411
16.52824673,25.06034761,27.61017597,13.96469227
34.52277794,12.68394853,19.98303294,24.93501795
42.31842076,21.57513779,14.14265717,33.78453821
35.41326917,42.09736948,16.08051609,32.47613368
31.00800063,30.25055654,16.4659376,41.80950368
21.92716132,18.82591574,17.06891761,47.75111089
26.87447456,28.75780882,18.60753124,39.45308102
20.47571801,9.389153148,14.12477053,26.46592805
19.81085751,21.49929539,14.91221767,30.57899262
21.86177014,22.40222244,21.77591947,38.33262789
25.48063623,24.93598254,17.86328572,21.16881806
31.18862118,24.71860959,18.48734702,46.49466055
9.379027527,53.29525853,12.49874724,30.50936674
26.65720964,20.72065942,26.10269562,33.48832106
20.3752479,20.0959708,23.46642695,26.59221615
20.5730647,45.95266339,14.17422466,34.19155663
23.44119396,25.39596643,16.85630014,38.92222123
31.01760681,8.979440286,27.12644612,25.76606774
40.90584818,17.25890142,26.41290629,36.82802106
18.45500949,23.17454645,18.9534664,37.42205752
28.15606495,18.94648481,15.41613504,30.37145836
23.23606842,17.95042334,18.67994728,18.14333469
15.74476113,14.95145878,27.76446503,22.30125668
34.35136561,30.65314155,15.9090537,41.83940394
23.73720421,15.0339545,20.00012428,31.44840108
36.85096705,27.75390029,21.39720494,67.04161984
17.62347098,38.10551719,11.35148518,52.9497937
26.14872615,19.59986369,10.20118546,25.6471367
20.90486262,18.24382386,11.17508324,32.56586447
28.2130183,28.66040809,22.0588481,34.80671581
14.78655144,25.34688907,33.89922892,25.87803388
41.65823777,29.92232665,22.7763458,33.85352696
23.04265599,7.763058616,25.71885411,101.5321295
22.30913385,23.48221715,20.57921059,38.03342843
20.19407253,23.03880901,17.8755676,53.24831355
28.85800036,28.91806387,9.357772081,18.05382729
18.78509207,26.41527104,19.43545939,21.20649832
25.79591268,25.04803974,12.98032852,36.47904563
29.22666348,19.81512408,13.79970259,27.52482718
14.00199909,18.34702026,22.27948587,29.50603337
28.12666567,29.51381033,14.6705959,15.50184712
30.62249197,14.10928155,11.44836112,33.88401601
38.81811921,16.54373894,27.16467707,14.37400614
25.16431576,23.35047482,26.97949108,25.77903453
73.68108717,15.44222332,20.24452532,12.23026041
41.60117612,23.70156348,42.32493791,32.88666672
36.27900161,19.74368916,17.19008585,29.25293016
15.69067432,21.125192,36.68651332,46.03590792
27.04141876,45.33420616,19.64680502,51.63594577
18.51910124,30.90176007,25.1669831,44.71750214
21.41958469,18.8594359,21.99816058,34.11442046
35.55610238,10.33252574,26.94355256,48.27508186
30.81695173,38.12104529,16.76232578,25.97955302
21.07634501,35.21394869,15.17592663,27.19042867
22.89994822,11.46603602,12.64682842,28.96966761
26.97114062,16.70628014,8.457641122,12.21867926
39.2882284,31.11783867,26.87264399,24.02867165
19.70450817,13.63914153,21.02149226,27.94400381
26.90390905,24.82619862,17.18925812,17.09496487
54.84113445,18.30943491,30.68285108,39.22415036
28.77617721,22.30900147,20.71720956,24.87555391
55.91046369,23.21334429,12.37922156,21.61757124
36.11843378,37.75267418,18.28349251,31.69331889
24.50426598,20.98895251,20.87647268,19.19333143
26.63794201,16.57204284,12.60651536,38.22390002
25.92942405,29.81452149,23.58775288,22.82911983
36.12292189,32.79086568,21.04241972,34.86279183
19.57353588,22.43681858,26.87468851,25.93157452
37.31927374,11.87521183,16.64469333,20.30236897
34.54556319,16.7918455,17.50748851,16.94382961
31.32178693,15.39039648,14.92049897,24.53266044
23.7568016,16.67463461,20.0967104,40.88660169
29.44464633,29.52305642,22.97081036,13.13367268
29.21192173,20.83104626,23.44742824,35.39354936
36.32095267,39.20291559,28.48971412,25.11048064
24.1792277,11.66738735,25.31088476,15.14263227
28.39265849,21.34073753,19.14166755,34.68753483
29.40777347,17.2511374,35.84167103,17.96372135
22.84047171,19.93940782,21.15270143,20.38546257
9.954056645,20.68006038,15.61143013,44.98943853
10.70238208,19.35018923,18.14580661,21.08891199
37.75588105,42.62464169,16.21438783,26.34266882
17.85816975,38.71832892,21.04786945,48.39730205
16.16312061,24.48756333,9.312416471,44.92551434
23.8279256,20.09913316,21.26334982,21.23918851
32.24460682,33.80058566,17.91691073,34.77575587
24.04333419,30.71065826,23.68990014,23.9954966
34.1859833,39.77648764,17.00706221,39.38400563
30.67650915,9.748082407,19.45521253,31.99771347
24.82433422,15.10974789,13.89488123,27.98882422
26.81901656,25.18438712,12.64485285,22.6354658
34.38465554,18.37421521,22.95011717,42.29783587
37.05292145,32.32650621,17.37771034,31.2995629
18.31214531,23.60883946,15.21432999,23.08951009
19.93342912,19.2459705,14.04386574,31.56624262
24.8627254,28.43434894,13.94216953,23.09214825
25.69571097,16.44900055,20.22678996,35.511721
26.82905774,49.55844162,20.63156452,26.46681746
13.95853885,29.18294903,23.25431802,13.23772843
35.73209061,23.32338424,17.3210935,19.30852452
24.78121564,16.30298332,18.58573943,35.93792916
43.80231582,20.49135075,18.42988135,16.43330868
16.57756327,14.49045292,17.90448092,20.17513063
10.63955577,22.97029971,28.91751078,31.5009254
23.73111844,19.62163727,16.51792605,14.47831301
17.69706165,21.57330735,29.09679924,27.12864026
24.72647728,20.88825675,9.053098625,28.61481303
24.36249615,18.47278072,11.24839434,29.52935324
16.14488823,18.40085586,20.08794779,23.13357589
26.18007326,11.25121239,20.39416873,27.81751093
19.76298824,21.06820328,6.648579836,28.77558612
22.15672405,22.4684861,17.15329121,24.27307848
35.32738829,24.45061703,30.39845489,19.65168084
38.62795547,22.31576239,13.67041584,20.68132542
19.4966594,19.82843191,17.99222065,18.28727103
16.25171351,26.66522329,21.24244326,22.31316232
44.80485649,21.06918532,11.3190926,40.08755407
10.77117492,20.81986694,14.88883598,28.58402432
17.21108927,30.22840619,16.84268932,22.78631779
21.86200754,31.13551338,17.55593755,36.89420492
13.97927857,28.14364597,42.30682274,31.21839944
31.24110926,21.19644219,22.56066147,28.70763204
25.53908216,22.58301914,34.42493202,22.83800568
32.6210723,6.45666698,17.18332046,26.86003353
26.80112658,20.67689734,23.13567287,21.56857673
11.33815494,25.98173694,29.2944877,51.7672174
36.87063516,24.36670212,12.71545508,13.35271306
27.50152258,20.10533788,17.47923834,37.49085337
26.81677929,38.36802084,17.66278003,23.98407273
16.69113989,21.97160256,23.21187184,33.83440531
19.03358465,31.28647621,21.67628817,30.45573698
35.94438085,35.5278641,17.12645972,20.06574991
38.14708415,16.59887077,19.90067421,45.01698105
21.24627119,16.25873205,24.11896866,21.83875682
46.22727773,21.25849699,22.75612912,12.13498546
19.13196678,23.02612043,12.49116422,13.88877959
21.71208312,19.67800715,28.87932013,28.47447057
24.01459767,5.118792711,11.31649344,38.38299192
30.80532169,26.34064858,19.8940311,26.34991271
21.04399686,23.58373191,21.44339852,35.27407807
20.4150688,15.79265861,19.06883742,28.48383491
20.25809509,19.09597832,31.13984686,17.01638918
44.93518637,21.34601091,18.2683243,36.3143777
8.167548147,16.52370155,17.79314764,31.37799414
24.41085753,27.25458812,7.428766945,41.75069933
21.53096188,10.67976699,18.82187711,43.69595014
22.35861447,12.70159783,23.79603644,32.17465594
22.89062089,21.74659452,31.36181681,40.69144077
24.96195759,17.7965185,20.6824197,38.97849502
28.53221881,17.58615503,18.58770954,25.29071804
16.62830164,30.34536793,10.20549444,36.63117914
28.74541299,17.00206827,13.6730329,56.73708305
26.17291607,27.09485375,30.65994561,22.23943766
25.97764641,15.11833918,20.52414833,38.13840528
17.59840809,21.52166444,14.53281052,10.81275582
17.52677877,39.89857027,14.88522074,35.35177789
20.61244951,13.11042897,15.71114426,31.86306167
19.22426223,15.90330692,21.65910785,28.51086947
21.64824273,18.96610868,17.17222122,16.52709633
52.55994622,17.3925906,30.77532608,10.79108692
46.61765306,25.36633863,13.26470674,18.82524563
19.28073264,24.85568474,14.74008004,33.63683644
21.91983091,15.79641467,15.97621847,37.59089952
24.70227291,19.66001686,15.63908358,39.34658841
25.9090898,16.22322873,14.17916617,36.23022436
26.8380932,39.36334039,21.83917949,16.12588517
15.76586741,15.22481322,40.8452087,12.3276757
33.40131841,29.82557539,12.4307387,29.37249602
27.68101469,21.06239833,24.19605742,18.20585981
22.4286663,42.40788131,21.44218794,30.2075675
21.2461673,22.00063633,21.0847402,15.86777244
25.69568893,12.24548758,10.0487642,24.71872065
23.6361897,20.50971933,28.98545201,24.44827801
17.34549257,17.95954893,16.26363681,17.38954902
43.10445521,43.77092747,12.66260395,21.95931623
60.49299283,19.18369245,10.2287706,18.29468326
21.13317937,27.30995251,18.41133023,33.30973264
21.97146857,29.65842147,13.51737492,32.36258866
20.11040044,16.15521386,20.60247007,29.41875479
30.93317699,30.42567722,10.01511772,34.25321986
21.65484696,39.61102075,26.02635961,41.40080697
27.03746212,20.33493462,30.05571591,43.89830939
22.81049691,14.56444441,19.97483874,32.69078181
38.25578138,19.98517963,21.33152987,16.70048306
18.41929709,44.80100232,17.35601694,20.9318482
29.21238885,21.97063164,9.859361641,30.96698912
22.00263364,34.18730779,10.03388528,55.99858265
16.24887401,22.70665335,10.97953127,21.72456148
11.02212493,46.22184757,21.98844333,31.1307657
39.53321478,32.59809225,12.30076864,33.57181508
25.91676411,37.5737463,29.37019642,49.53309098
16.42785983,32.13692863,17.92285777,25.31177021
29.07461806,32.9574552,13.85793091,38.74583113
32.15784741,39.65278909,13.48277596,39.77168251
22.1435995,19.63535967,17.52502824,23.20334345
36.58422725,41.16784654,19.60957848,25.81223689
16.67965561,14.82579847,11.56689654,18.31798303
31.54772388,11.25194434,13.09971225,30.36119172
19.52414688,19.05152564,23.28358615,36.55246173
18.98263427,14.49785349,11.97087895,22.9578834
28.90188453,16.30576504,6.089556306,32.60444233
23.34272648,30.23857898,13.17846091,20.47807425
30.82420345,20.3790747,22.48508892,26.04125947
32.64499661,33.78816981,20.71006693,42.64142243
38.11938747,36.53208165,13.5334443,35.53262221
29.41130166,10.01516895,21.90908694,51.33160427
20.81770477,20.94847298,9.982472342,27.9021856
26.81280555,15.75291464,21.36760911,15.31813102
7.015426456,32.93830334,17.08218254,38.97302484
33.16818152,26.25267777,18.40657752,44.52083383
38.800428,24.00688273,24.78896065,46.28364435
32.21419862,21.88176393,20.58168431,23.41928626
22.60066797,29.11838486,10.65253904,54.12388359
53.15275868,42.51798561,18.28159364,39.38610088
22.50049156,22.59037433,20.43590729,26.86231325
19.72255835,25.29852154,13.96614844,18.12341307
22.62916995,19.70771941,13.58839625,34.28659579
10.12259114,15.31834692,11.0244741,17.95853246
36.13857591,21.48517714,27.68530451,38.2884991
32.51237679,20.40588123,10.78256135,25.87744776
32.19696095,41.02302664,8.056935126,25.77192992
30.5158354,35.14374477,24.54761053,20.96018879
15.31043153,31.59547351,8.162167622,21.20985287
20.20537497,24.510035,15.44199889,35.1817514
32.79078004,23.0816331,23.28631662,53.07696
28.51049351,19.35326639,9.660344503,28.26280554
36.9364937,16.2844355,23.71328141,26.14945033
53.15100056,60.20091449,12.1131096,28.98953576
24.83263722,27.56092856,18.94736248,34.52217655
32.51214407,27.12878582,29.78884185,31.61976589
21.73196202,34.60093884,16.88483927,14.58451427
15.95759885,41.70035323,20.8819557,36.03651985
25.97233402,18.08792555,16.29243496,20.83851697
16.11429753,25.78448613,20.27614857,50.55072874
38.73062875,26.26080436,16.1964229,18.37112765
50.36386572,25.61872063,19.25997044,63.39563108
11.08358722,27.53421003,16.78110853,32.4852857
19.72379738,48.54081619,19.7363171,48.49327383
36.33568309,16.94702549,19.98827622,21.16276199
30.94087239,16.86009478,22.32668189,25.78208572
19.04333192,48.33563669,14.7366012,42.59956644
26.09116462,18.01458848,21.17278894,8.893756053
17.86691147,20.15270804,24.13026908,55.97489923
29.03530387,37.48364738,28.76973685,28.48603403
15.6535572,12.12769789,18.27083764,26.81963809
23.78981923,22.34199608,17.86682011,24.13985355
30.46575727,34.40834587,17.28632475,26.8231683
31.10229225,21.23906325,22.66269282,34.61760489
36.31556454,19.61862324,34.55541381,27.94246494
27.71739986,17.66156305,15.84003075,27.90157283
20.90992378,25.95147833,24.24356295,24.16789137
11.76223418,13.3794976,14.43039825,27.17843708
26.89465422,20.59024203,19.74703263,15.18489062
18.901703,28.17787583,25.08863679,34.00667315
28.10723529,17.77186098,22.21414474,21.80662802
18.33311578,27.62227662,7.203591941,30.32399651
30.36736371,27.42267478,21.03151079,33.59201379
42.20434975,33.24736899,17.9807384,23.63253202
16.88637024,37.73225053,12.03168213,39.25281962
29.28890811,18.78516092,12.02819292,26.25669725
25.51424368,21.29265234,50.93664644,23.88346597
33.52730954,26.09014737,16.10433641,25.16585816
13.99759619,19.61513539,19.82200708,23.92518031
29.30187505,34.37889173,34.0289572,26.72325689
24.76363923,20.2523556,21.19493716,49.17693056
46.90317351,32.67693245,22.36677528,32.39278251
44.17932096,22.66546099,13.98967785,40.64131012
27.98646937,20.28510822,22.83910559,34.78681671
36.17888179,30.97356868,25.7604556,30.38794584
34.81851689,19.68857701,23.33363739,17.96050637
28.03784661,27.48611953,9.154516284,22.57910827
31.15405688,27.16150046,25.55523934,32.93181634
29.28648376,18.07578137,21.39102763,16.59493047
31.09337327,23.60890092,29.95370031,57.44229115
37.62918375,26.43825319,25.01255609,36.63693525
23.83290724,58.13685578,29.15376896,12.94129891
20.53693113,27.82497811,22.86705375,30.43739295
41.15087126,24.77488055,9.029562774,17.5789092
29.12151661,27.35943417,20.42168672,21.06457914
41.63237056,16.52205064,19.25926043,37.17157876
31.83268442,41.61859534,24.85924938,32.76512884
29.2723312,31.48333909,11.45817724,30.70049525
27.97552694,26.88963895,12.36973818,22.26157902
28.09741796,32.37168239,27.97526082,33.0758145
38.12106888,27.19871518,12.26086819,28.61849206
23.26587477,13.16311725,27.94040653,46.30203895
19.80831839,21.12033196,15.16335919,53.79855765
31.2988838,43.042703,22.37127033,27.96478017
26.97059893,17.11256353,17.48826108,31.89595762
22.05820582,39.18429312,7.45089266,27.38298882
33.97430186,25.92521583,24.91912462,22.87423309
19.02282059,21.58178982,18.55804229,34.57975029
41.93858275,28.73708624,17.09153592,38.36797658
28.93258792,24.83028916,13.31802928,17.73598856
28.02044784,23.74133647,10.7079364,37.12798216
34.18336296,31.44224694,13.22852691,45.65163505
37.36282021,25.01554836,19.20397499,31.29773153
36.31388109,21.52858177,13.43789178,25.28221996
45.89032638,16.22904339,18.30199866,12.16422084
25.26416486,38.65241369,19.66572512,23.43163851
39.27211436,29.99974389,36.85445909,15.75221812
18.95395493,12.21572564,21.38577382,23.39713522
20.83950311,40.14992351,26.89537548,35.65570103
42.33332163,30.12387195,22.76987274,28.71355361
22.51099968,17.14785443,13.0372996,23.61045804
28.15661649,16.31617196,12.08969635,31.90755458
33.84703378,18.51772886,15.14550457,35.81837123
35.40313532,8.679779737,20.65668781,62.07420957
25.24833588,9.780804155,16.46625977,35.12673164
14.38762715,34.89831208,23.83018707,36.43326726
21.31074966,33.63112255,13.85774391,27.2748832
19.43436353,16.74510868,21.39815754,91.42363062
20.74493535,37.37649589,20.37187214,25.04422729
25.1806186,22.12986773,18.01913675,28.78342966
18.02988532,37.10679121,14.14192666,52.32785413
33.57523851,41.60435564,26.13765242,38.39510142
8.845335267,18.16612874,20.32466522,53.28492753
47.59247317,17.09565878,16.54141674,31.29616741
30.78601237,19.85292176,10.44840754,28.75193788
23.21940416,13.22067057,16.93992095,32.38995494
21.47783909,21.06375487,21.07225504,39.28385593
14.83418146,26.3388604,18.47595909,25.89727673
16.41986719,19.53040707,26.6152377,20.94640585
32.24669342,20.69605969,14.6130739,37.99156217
31.86312977,23.40806671,16.57299894,40.810852
30.20136114,34.6503406,21.96055498,72.27026629
27.78837672,43.46453039,16.93463714,44.55961012
36.79740925,20.42352542,17.53419796,29.5406578
38.74313939,36.12796799,40.4551079,55.75569529
38.89244178,22.88380751,25.37382916,29.93278044
19.88913861,16.39714103,12.80355555,24.55148509
44.33621466,21.53938202,16.04906656,22.18619542
36.28870115,30.75076377,20.84991003,12.12424685
32.8628716,34.78536047,17.25891852,27.85344075
29.46942684,12.3843087,15.34472826,30.49361619
13.94256843,41.71474323,24.56457084,26.21025951
48.62870783,21.75332665,19.82304346,30.63749182
31.65708072,27.86943134,25.67362393,24.91968126
26.03922452,10.26360438,25.29380078,26.96987538
19.49242532,34.75886043,14.26041801,26.296641
40.11930502,27.16122431,16.92414467,31.5677553
23.1694516,27.94528391,31.03546242,13.2648716
21.63970551,34.64978224,26.39042033,24.57890922
49.74347204,21.21073154,21.06967302,22.42548577
24.7597897,43.860963,17.43032961,15.36905219
19.22907606,44.98282792,15.62782801,27.73347363
20.80090263,29.53911276,15.08531239,27.63939327
46.66911102,7.453014887,23.55968514,33.23387269
27.2913898,37.71917583,20.32344741,23.84220654
47.27051133,30.69584731,18.56740951,25.98045318
29.92711436,35.95834624,21.45385547,23.99508807
28.35246105,45.41642182,11.47277504,30.69418162
40.81048563,25.21511748,25.92594179,28.305114
26.01907867,27.16159918,28.08907605,27.17142107
53.89092614,26.79343908,17.69692909,37.24470227
32.10778996,58.28220164,17.42763586,18.40886044
31.29735098,27.69450027,16.29819131,38.66242158
24.21601884,18.01197775,9.939551694,34.84032329
15.00934344,43.85656823,15.84104759,26.35738477
21.21615902,18.3954477,15.17762655,39.12085486
33.34908158,42.65318127,25.92648159,16.84543992
38.55025247,36.68151787,27.00968689,13.7485858
48.24973169,14.8324741,19.50471098,25.13882239
22.39079462,21.6773093,24.87117105,32.9418549
24.74675317,16.83278781,16.83602185,27.74147167
32.40810001,27.02987504,15.85640602,26.0771919
38.64484519,17.12551761,21.46667188,36.91626461
16.866282,51.69105878,25.03589035,37.63902339
25.74848343,27.15998984,18.94681317,47.49819647
30.38501899,22.70638788,23.392667,17.47803048
19.16586456,22.4013078,11.72923189,37.88133384
9.582198452,44.71022182,15.74301789,23.72220462
31.60745978,23.2764181,11.99346704,22.28060757
24.43327325,26.41589525,25.39648465,19.68575753
28.17014108,4.420533187,16.65364158,40.82429054
16.90448432,17.97148536,22.1558899,31.22064337
17.89855219,52.67479401,17.75249502,23.18102125
25.25272095,30.39175076,16.62437098,26.91809058
18.13565478,22.69061199,16.43642616,24.56155126
31.71953295,36.76605326,16.05235862,37.33522416
26.79699354,16.6066468,16.02272953,24.38678312
21.30435595,18.93487642,18.48083149,30.15448648
33.03860975,17.9777773,29.66855508,38.19452386
28.06798031,26.82753878,24.592458,38.0775484
12.10591692,30.32094702,6.228414739,39.04335419
19.36424375,11.80598782,13.70166183,32.40884682
22.58561364,32.12020345,14.57853007,17.28554877
35.52155107,34.51864474,10.30469953,40.74672944
53.09438402,13.63456499,22.69086637,38.26168969
13.01035773,33.53752798,20.29588808,15.1431821
7.820937495,34.66845091,10.11895038,26.00719429
31.0042985,21.45823844,15.27213264,22.2756558
11.66203014,18.91921326,25.14017125,45.78425403
9.51647242,15.55776429,20.79064072,29.60402915
21.11964681,31.62051958,18.95418124,28.41993594
22.12598523,12.87388921,25.49976655,55.3334869
9.430843335,20.11812428,8.96371238,42.87467447
30.05724234,15.67364046,20.87912629,29.39237873
20.49674499,16.68238572,11.91458218,21.13440858
28.72483756,17.28508893,14.52824998,39.38471753
26.78361197,27.01701204,28.30420126,54.90079142
42.9237265,17.12552929,13.5890878,26.4495114
12.16187055,50.45191078,13.32191903,26.34779216
23.37122472,42.11585149,18.86956955,18.59085135
20.64901906,17.22257093,27.16371092,45.85630202
20.18706145,29.22266282,14.83761227,24.74152074
18.16741861,24.28654545,11.80666062,18.32410471
24.95592743,40.17118546,15.4939866,26.71590956
14.63216997,35.38257659,13.47128886,23.60324181
22.82086228,25.16004824,20.44067116,15.4534969
20.40994925,19.68880525,12.67090602,54.86278159
28.49282172,37.29665969,16.17970325,22.29900368
23.97569841,31.19633313,19.92296206,32.26326534
35.1296224,17.7362491,17.09896568,43.32261332
21.15547526,16.02648181,16.64283744,38.06975771
27.80223073,9.638844615,24.59828129,12.23137594
19.21645758,21.05000144,18.56505615,29.3065868
31.77410544,21.34048836,16.65754989,33.7106667
17.6083649,26.80496079,14.15568169,59.68335198
32.76624291,43.94702309,28.06023835,28.29360082
29.909707,30.09428581,24.62045198,50.87730552
24.31761565,88.31483074,15.56986375,34.11763193
32.65858945,27.84501401,31.45970409,44.86626882
23.62220628,28.82985268,14.24995269,23.34599947
46.99909036,35.5841792,25.9164273,38.13413868
23.57917559,30.19985138,15.66316015,38.39323369
14.54488742,11.27932049,22.61167752,29.91860509
33.16354424,32.59332576,16.32289379,24.04502821
16.11927615,17.40486448,13.17434888,25.80419824
34.43586999,28.89595148,13.41210518,19.5555673
33.39210404,22.68386135,32.5671291,38.38907507
37.26794362,25.92637355,15.22402425,55.73126072
23.6119116,24.45265037,24.5671152,23.03098784
22.89355972,15.66214429,21.34632516,32.78142741
17.33970353,18.53789633,18.3353392,26.3738041
21.71100054,25.72274813,14.37728375,43.49574669
43.25937084,15.46759606,26.47191355,33.33069838
35.58309587,24.90402322,10.19593867,35.29956733
24.45654337,179.5724288,22.33916339,35.48968446
28.81232936,47.83081575,29.76179907,25.54260901
35.24395774,105.4808293,34.52866939,21.32542338
27.81652441,164.0559231,35.74998964,44.43574094
18.79802834,87.11338531,20.41946124,28.70939614
26.13537534,30.90325721,16.96251958,30.94869029
18.42116272,19.77061721,15.44833215,42.92067565
20.39145224,27.34576266,18.38037854,22.81485422
11.13691951,54.78949837,17.33055934,49.89693391
39.638103,116.7952185,19.85161145,28.90653346
28.98831327,29.56411357,16.674,25.78167849
39.15080205,30.77763221,24.85333863,15.73068464
25.92704735,35.11856277,26.96281035,30.90606969
14.21313067,35.43064271,25.55823294,25.95621809
24.95641621,24.15001559,17.30539927,37.85852742
29.54624037,24.10583187,13.46764656,49.76674157
32.42567652,24.54269586,23.07750925,20.06724571
16.23200474,28.02327712,12.85057569,29.10559791
40.51153047,26.80256003,26.7942648,30.27455264
17.92373615,141.6631586,22.44661618,20.79785063
40.79315222,125.8369496,11.96090464,37.38462758
31.4823938,32.1195448,16.33386691,36.22498445
26.82662225,21.86688076,20.10084834,62.84052834
37.33974311,19.92115699,18.0351828,40.2718806
30.03936814,25.76470079,13.28848153,26.8009301
47.94218129,19.67628613,17.59484508,30.87335311
41.67175803,22.16587462,25.12190813,22.96720318
35.74413522,39.34558044,15.63394587,54.17514629
18.63906478,4.754635863,13.09540758,12.40120188
26.8305552,167.9466056,21.08943256,35.12586531
17.13462372,41.49323115,21.07164072,41.01953089
25.22268661,42.34924568,14.63431777,36.92864031
23.42768014,26.82686353,19.63589343,14.11393805
12.81924752,96.01136669,22.21738132,41.8455871
16.22380021,30.12167283,31.15288949,59.02394966
25.5789957,26.73539518,20.27393185,38.51475558
19.38326505,34.34502099,18.6699255,13.21088237
38.41284656,11.98452463,25.65748835,52.52122728
11.80749261,48.12392309,14.24935345,22.00180002
43.60024462,42.34460145,19.33917336,15.8780026
30.5784387,15.46436832,19.99097894,48.32466464
27.64662961,20.79732608,21.1697745,32.50180723
15.9756083,25.15862712,17.11967374,24.63363693
21.56825474,16.22211846,16.42803671,30.56153504
22.65949467,29.35535977,18.06455189,26.81737586
34.82093289,36.25023313,27.68556026,35.78301776
17.55889707,32.75674403,11.30802081,15.633964
22.50438102,14.18648495,21.73223889,28.2534702
18.2305194,20.31939583,17.00935421,27.87488337
20.10277491,21.7753777,20.795049,46.41644012
24.23449166,29.83986257,28.35897445,30.4229205
25.62960189,23.11502864,25.2522988,51.81416808
12.79099821,26.30177436,33.00285571,43.48070836
24.26433069,13.29543416,24.05802597,19.57655042
17.72989725,31.29701033,36.10779864,38.08465703
20.59777194,19.66093851,16.42870487,29.35138786
19.55142654,15.82040278,19.15137003,16.99079395
23.85726349,23.39657548,17.77165491,23.40757432
10.71038593,13.69016164,22.19261422,20.02459284
23.21477834,46.89168136,20.38812069,37.9419656
22.84281246,24.31436411,21.88045218,21.71426132
40.34946862,27.49063903,17.83897567,46.34055912
32.80036126,34.61140335,15.19805479,31.75038388
14.33963083,19.49432033,39.39390705,21.18267353
28.07245835,31.50633406,13.77319809,58.74975177
20.0785949,10.30348643,19.32104333,28.48483384
19.11139979,48.17697275,19.41481086,39.49543578
18.51055341,32.01763355,22.69053478,17.77369621
26.20424728,43.42787432,15.34923925,16.13817486
24.43482439,25.72402853,20.16818679,25.61394971
21.71336084,30.91187818,11.3641454,25.4075098
27.80764959,34.76651673,22.19895966,40.22336061
22.70185392,23.72545108,35.61194927,30.65637604
21.28486167,18.13892208,13.72829094,41.86531058
20.00522794,39.57221598,32.53033091,28.60051316
26.12262462,32.89768945,14.94338164,42.22307242
29.55370571,21.52149844,20.92585192,37.16190599
32.40606334,13.06266801,16.11536969,36.84320792
30.81470142,22.1679576,25.7915543,36.68462468
19.38463281,25.61999879,12.81258585,35.76984364
40.46055349,29.30913008,32.78882963,29.62270625
49.93767992,19.71557907,18.72073167,17.29028647
26.72047647,18.05078023,21.07065863,22.06177092
23.44168882,21.00330174,19.79273381,42.57740108
14.6249264,27.92820591,20.43519565,16.84447681
13.23288039,33.64380177,20.21799792,25.40916578
27.3787422,9.501574941,22.91507669,44.93536705
28.12573,10.15257089,18.95974351,26.76973864
16.78801193,24.84853133,19.2623473,24.55641921
15.92117245,18.55708966,16.51571924,11.51346267
24.09323453,21.34453947,20.3255989,23.88572467
26.61463654,41.56877991,28.36743286,47.50634165
28.92822727,32.2408656,17.95994895,43.61872227
17.08648224,36.48716136,8.052195808,18.97678391
16.29786315,12.2367787,17.64614134,30.3981031
41.81022438,8.790170804,12.2058869,35.54472301
18.97238966,26.40125279,22.04837787,36.07132806
27.73805549,26.30101861,20.03299634,16.93354885
36.76385478,9.384002186,25.9170105,42.66641069
31.46265785,24.13132866,21.09361735,29.5045016
20.65986618,23.27903965,17.15570544,46.48036931
30.15359929,17.83064581,11.39326856,29.24317209
36.04847492,17.8636095,15.82805692,22.06816278
23.13950445,24.93787758,16.19928891,16.10839843
23.53961237,15.194117,12.46900082,42.42604312
39.35182239,22.00198318,24.1303491,26.71130206
32.68192178,20.35691474,32.74099616,44.48311572
35.60001928,19.4745856,20.42821693,41.66157816
37.63407798,7.930107839,21.08294928,40.21300711
19.90850357,18.72895633,17.90185186,34.1791362
36.0392061,24.0233047,9.77237008,35.06434963
34.74936121,5.701786346,19.74789709,37.65212313
16.94050247,20.9701039,29.57474923,10.19070356
34.8240794,29.89753602,20.84031638,18.98091212
22.8395485,16.71023777,16.48957036,28.28272177
16.56709798,21.69104257,22.90144326,23.6598835
31.00452961,27.85489367,21.51390886,23.36327955
30.65513184,15.92117359,29.92036597,25.40345351
40.95684837,36.5573149,19.90923566,31.39120639
23.49378442,19.75238009,16.25877295,18.94517704
31.2678126,13.29760256,25.37292623,32.32830541
21.31097921,22.36783284,31.252242,26.9412033
31.55216829,21.95494086,17.50411008,47.61125086
32.48221204,23.06061468,14.06862779,29.33316992
31.80057454,27.41013214,31.65326671,27.40589162
15.63088668,33.85971842,31.91986195,30.2487489
42.5184951,40.52125092,29.58706734,34.0969443
20.48308438,21.85260145,16.35595545,54.38265041
22.79676746,22.21944186,22.04030561,26.33600107
35.86310336,29.99511332,22.20047383,17.44690773
29.4535377,19.68446808,17.58764374,24.50987267
33.11783124,36.05951174,28.41245439,28.05277395
25.13758787,14.73358019,17.71741652,45.6520003
29.20191608,31.74258013,20.90009518,31.26021844
24.8043322,27.03598236,16.9068999,31.6487845
36.00909841,28.74657118,21.02825544,46.26628942
21.28987327,25.14307454,24.88902443,19.36437543
25.22355133,48.34064909,15.38918037,50.74320721
26.34340603,28.80890349,18.10467084,28.27572049
31.8067457,19.79682559,16.21915547,31.22239884
34.6489222,27.82706588,21.8024475,45.88023156
33.20345033,30.70238741,18.51710065,31.9843765
31.88261474,42.29012985,19.1446571,24.93193931
39.68177366,24.67015951,28.24165758,43.12556035
34.22730048,13.34548877,34.92474398,29.60522767
16.15651961,31.78908026,14.80279536,16.93376339
37.64060908,28.07229742,23.0630945,15.83576365
2.437362568,39.96505914,24.88326356,21.34684944
17.84662395,33.30835231,7.401716367,34.50367203
27.25156688,21.31683174,19.176324,33.77415569
34.37731767,21.23774537,11.5097068,30.94725586
24.64709532,39.64189373,33.33415522,24.54546627
15.07510159,21.631585,18.68239383,21.13137005
23.85280909,18.41242229,19.16414897,27.45730517
26.38423102,24.84288011,18.52233708,19.14509154
23.39138943,32.03020943,15.88294296,32.47922262
28.52880993,26.85814842,12.46729908,29.24591905
27.28696158,33.07185015,29.10276763,33.66513498
33.20700452,26.55976367,16.44807957,35.16825761
23.09446999,33.03787348,12.70939724,35.06185625
34.51202556,26.46010988,17.12799989,24.4211481
17.74707626,24.44084377,17.86355309,25.7293855
47.99199364,18.63204287,31.00495163,18.31161628
24.26093363,37.97616766,26.59382205,40.47821256
11.50995562,26.58760627,27.53860194,14.95359368
27.35266239,31.10594303,17.25053578,38.73861485
24.48374014,19.68178151,11.08773409,20.77957681
29.85914949,35.96808292,24.18191662,17.02508105
26.01282768,21.32990894,9.607383603,15.97557768
43.28483368,22.96830485,17.37798925,24.50492078
20.56710255,34.54947198,14.63584072,29.43011277
24.98369998,28.54388466,15.26564092,45.85917568
24.18325162,24.0968106,26.6121052,24.8042393
28.16659522,34.5553944,14.6980131,20.65694281
25.788862,24.56234543,26.73140354,24.3809758
28.61389228,29.36145195,20.662379,27.38546818
44.98168418,32.2841364,27.4063642,28.5296776
40.84744664,29.17695852,22.28987447,21.06434645
27.36093432,19.95730824,15.64555695,20.84453132
32.58963175,23.76286861,27.12949816,28.71177653
21.55812479,19.28887686,11.54256765,29.86351642
43.83205202,27.86281493,29.30185515,19.37958727
22.69273387,24.10283077,19.44459185,24.43716673
16.56895625,19.06113432,28.79223548,22.619141
19.69619461,15.388382,13.67528171,36.09328702
25.80804726,19.13108103,17.15793167,23.27251136
24.62618285,24.41698117,16.80057241,20.80377216
33.59354675,14.50168285,14.9689888,24.97304311
28.06973457,30.30106938,22.45673074,31.45123856
11.07615997,34.33273402,22.45377257,19.99985964
21.04177871,33.63098545,24.74237103,25.19159452
21.02410348,17.97308369,13.50953488,21.01497482
32.19775903,14.42966037,21.7745554,22.59139482
31.59464886,19.09050018,24.72290413,26.9771295
19.09662813,20.89645953,19.75777407,39.64742504
11.93581961,29.97207662,18.07895226,30.27771118
26.2895387,27.08232309,34.54782711,26.51487338
21.00531903,18.37623002,20.89058597,28.86741019
22.98870459,19.50153895,23.81147518,22.28413731
22.70311785,33.00487876,5.640492703,44.91772421
8.081689066,12.57348597,21.34892428,16.04021812
39.86184314,31.39387897,20.39708289,74.29618799
17.61736023,14.1848133,16.20128851,14.01205713
17.72211368,21.42730878,22.68546401,37.71400807
24.80155224,41.6101101,17.13379479,42.24200476
35.63055524,20.29521352,10.12417963,40.78363779
26.21788133,40.62202932,23.27784641,16.36181782
27.06944575,43.63355708,15.95477883,15.75984961
18.00584561,28.20521193,24.70110346,41.89955728
22.58420272,31.01662337,20.30249428,16.55016717
23.90297183,20.11020101,35.00954195,25.42929274
32.58137021,46.31856191,10.02410446,19.21620313
8.033130584,21.07148867,22.08420879,19.90023024
34.26104364,32.28210376,35.37075333,31.46275717
21.99115569,35.28562769,12.27051878,20.57695201
19.13706929,27.94891772,9.658715756,30.71559067
19.98324424,23.31146176,9.138233143,22.25491562
27.342149,38.45623075,22.47975568,30.52263657
15.95078797,23.76127384,19.61295591,30.48024307
24.00918559,16.6811253,10.61409001,29.61835392
21.36415132,17.4661125,22.06229471,32.00220511
9.648479727,24.42420426,14.77860814,22.47122946
20.33898336,26.08637157,24.18696221,21.18366049
24.2031774,20.52579528,23.77900059,31.42308214
23.58924341,16.03892167,17.31767653,36.72445256
11.22606602,35.85740397,13.50547477,22.30522942
42.68677197,12.11688477,35.80970998,27.55891576
35.40594964,36.53667649,8.992012605,38.09628942
20.44708322,29.26335146,24.9844897,49.417613
18.60287237,15.90981908,21.13683173,44.79594744
27.1049278,10.35037063,32.00794681,23.89736075
20.55581942,26.34127518,12.06426541,26.0353999
29.36976266,11.3345649,13.79039445,9.943708222
32.8120498,12.84294593,6.613013178,30.41669069
52.20017717,25.67659429,16.16026709,28.63923242
30.59914007,27.95820395,22.39675035,16.29741024
24.19360848,31.21505019,19.57531204,12.97740322
55.28520888,31.92171702,12.38818483,23.85974268
47.68260703,33.94161234,24.28787051,37.75886935
29.08607093,11.18017881,14.71390865,19.26528643
25.53464103,29.33350876,17.86498886,50.45061088
55.83862481,16.39592662,15.0894743,23.54698016
18.17943352,32.85889794,8.084759266,18.97607715
24.20057189,32.96986356,19.98767332,31.59978087
44.63861472,32.25850091,16.14189378,27.34490503
30.55156316,16.59335392,19.91851702,21.94994363
16.12851663,18.59995015,16.49649813,51.37816958
37.46006832,25.46185744,23.90412743,39.77989954
22.09583356,20.96867911,21.05483803,31.48870979
21.56880583,15.6451485,18.91738479,27.24631983
39.31758235,24.44774205,23.73541626,28.05870079
16.78873386,21.48193582,12.07469571,30.89871813
23.51952586,38.24712743,22.2571211,23.539315
38.57219177,12.41333932,15.35735584,36.94158788
51.70564048,20.71572149,18.73572515,31.92287567
38.05967209,32.42087485,22.40348295,32.87805753
23.48307236,15.8789145,17.5206878,34.90400676
20.50354714,22.40233242,20.21398542,42.30367254
35.14798123,37.67484205,20.59649253,43.58502299
17.30223716,14.82750663,10.4768625,32.32743966
20.51991075,21.69147385,4.375639464,38.0627169
21.78458501,16.56227272,37.17421866,32.37848248
35.41629794,32.97724043,34.69135713,57.53032485
25.19000756,36.25126908,12.5271021,26.56860517
28.56827589,43.00131303,26.53129405,28.55919231
33.07144524,27.64372273,21.63737849,29.34829135
32.40239005,49.91827408,24.67925849,33.95011258
33.72349285,12.44893979,12.46027101,29.42741054
23.50196725,26.33088473,10.60689194,44.85923171
13.95606147,26.05145945,14.04185872,15.55214719
17.49185053,47.58243913,20.34862969,37.3462151
23.69339974,15.81565525,18.06927253,41.36809692
26.93253375,10.09492244,13.35845888,18.35986794
29.47877172,25.78478215,30.56802189,29.59536342
25.29575871,23.87115501,12.89898899,24.86268779
24.40035472,36.17005317,27.48376286,38.32946712
29.43063696,32.52860517,15.73061048,19.2554745
31.63225427,23.52388917,28.33820284,31.44636604
10.92752427,44.84155288,12.98040683,24.8058056
30.92987765,25.59901415,23.98883829,17.99487381
28.63056133,37.80729264,17.37825928,41.47549674
38.22865187,28.4720109,16.36017814,51.59348648
21.39216898,18.22876165,20.99904652,27.43146736
25.3756058,28.67495764,21.5399779,45.23386139
15.71280863,31.89167477,13.14940244,31.0027788
33.3900242,21.71228205,41.9488399,29.66536139
30.27352948,19.30083656,24.1153002,23.38018311
36.75781284,17.77972295,15.7441799,20.04787925
32.66592551,36.62325356,11.97434765,40.90522066
16.23621684,18.01239704,21.07901475,49.79041408
23.21657715,36.6077819,21.3273485,52.95656465
26.7853796,11.73487927,20.8756442,11.12352684
36.75008889,36.21796601,11.83875594,25.45396565
30.07954582,23.24381472,24.65884686,14.8051179
20.49276536,24.37116994,15.75512847,33.2719291
31.52284653,15.39320765,19.02078859,33.34710728
18.20351992,24.38587901,22.95498699,28.81257928
32.9512155,32.89555149,26.41399213,30.92601228
20.54997593,18.29804613,33.99458623,31.87528622
28.53696604,24.70796791,19.02109327,32.6085789
30.84678504,22.91650459,16.7992896,24.96659626
34.65062779,50.97000918,14.73707562,30.92136971
33.72518148,18.17501348,9.704763952,29.44921864
22.13952301,28.31476772,20.27704982,22.7180183
18.53393738,32.4163412,16.93368878,38.85500263
46.89460592,13.12101874,18.9805709,16.53818886
31.8382848,20.9560787,13.84803325,64.65702787
39.07869478,18.82274273,18.26986416,23.80769095
24.91164879,27.14290246,20.28213843,38.66444999
20.61638941,26.91412296,16.7575637,21.22328992
33.76600154,26.1393227,16.63015501,37.84314666
27.31097153,19.63683113,25.78451157,29.841069
32.74392744,32.46559763,23.93994328,16.32354613
32.59936973,34.63304687,15.33479857,43.05220042
25.03760468,24.74995973,16.08376638,40.03233569
29.16610591,19.27372719,16.00854704,39.82674042
37.94051339,29.05872101,25.29194755,39.14930274
23.20284881,20.17115782,19.52573334,25.86717978
31.01742221,25.50232152,27.79762785,16.05603217
43.14898846,17.06659791,20.00755172,18.7720952
37.47839632,23.27613504,20.23490933,27.59740329
27.45249608,25.06164652,28.48633957,24.66395551
22.79263022,29.27819553,24.66081866,52.67269535
31.63811885,22.95656066,24.73693659,58.79846972
25.04694492,30.37915025,17.97051072,32.96554792
36.88204007,25.81406003,11.13892355,23.17284885
21.69562001,32.18998525,23.27981669,51.21727505
45.12813495,31.78517445,22.53318604,35.38113976
31.47589949,23.14307503,23.58855071,35.69005404
30.43578382,23.78412897,19.10091221,14.26071688
26.14365784,23.47006523,27.04701594,27.50815499
46.64281723,30.76344456,21.57039517,57.7415146
26.01740928,16.40857047,16.91301065,28.34628282
34.04089389,20.79648543,14.04376225,17.96719389
17.11214088,30.15020788,14.60567418,39.29456096
31.71174359,26.99843482,26.20572972,14.87625502
30.38791093,8.719156751,25.48985075,16.97351239
27.91602579,17.60770171,18.6254356,19.34883082
18.72336547,19.21042099,11.82802743,14.78348954
17.02772334,12.8562517,16.93487749,7.016486789
21.99090408,19.43141264,11.45626792,22.39599127
19.54367908,18.14534115,23.05315379,26.29471617
24.30114284,18.78459634,14.40007623,38.09797459
35.83287462,9.472344064,17.54024679,32.24811236
20.61237506,32.77858064,21.9506362,23.71855539
26.25408339,20.68007596,17.90125076,35.88502017
20.42821171,21.57962786,9.58016415,35.30937023
21.51624609,23.5346084,19.31241253,29.58586794
10.92006707,23.26036708,20.23835718,36.70996489
20.93368207,22.61694333,15.89410544,15.55495136
23.58937966,20.36075063,19.98610235,30.88224838
43.76663307,11.42209635,22.96643846,26.13616865
41.9781191,28.00999858,23.69797268,66.91705067
22.64957334,28.26471995,8.987278154,16.08540398
40.01695476,30.78736228,9.527747895,18.21777657
25.83796231,27.17263098,32.75975971,31.48255253
13.97644288,12.91072872,16.91874679,27.17598043
19.81901578,18.05869802,19.19621947,17.40869931
13.09074957,13.83668895,13.87125836,41.71264802
34.23149651,37.79174226,13.30876322,25.78056434
19.67752141,17.16713561,14.15708066,45.00413083
37.43831732,38.91359026,27.97819816,34.7945944
21.23241843,27.1327745,16.72140595,30.45044545
27.1891499,55.40531814,34.18748293,33.08080031
19.45535634,16.47060008,29.77802961,19.81721247
31.95350641,19.41206575,25.46228738,34.09118597
27.01671856,17.18807323,18.36395388,47.9472919
26.7581035,24.15275369,19.71708313,30.10249849
26.83757546,44.79885429,18.50511698,55.05031048
28.6436684,13.14902405,15.66177867,25.63311226
30.6077156,19.78010771,27.83279123,13.64429147
41.4672981,23.43490143,8.788936784,21.81536993
35.73664233,29.61242052,9.08099691,21.39366815
22.40829705,19.97473035,15.76016387,51.09702314
23.39039527,20.51461725,21.79083353,31.32279868
22.51314086,25.28600445,17.06639453,32.46358637
21.66489862,29.16818293,22.38222347,24.83354134
36.81295081,21.11724354,18.44580381,43.25262991
24.28749384,18.12035864,19.69131827,35.88050928
32.1522188,18.6674124,15.95665518,19.08500979
17.83977194,26.07244999,15.41826593,26.42725479
34.52626249,24.24782026,16.21532015,19.61305513
31.91251348,24.33316897,25.44713106,26.34362919
21.43377378,21.77000385,8.249009671,27.05793363
32.30248563,17.13408503,20.22578337,25.36823691
39.06785069,34.80110667,21.07453602,17.10199082
26.44707102,13.78467687,19.33219321,35.87583539
30.94967866,33.79942259,14.03161266,32.65638675
31.74502593,23.26862141,12.62836798,23.09765948
22.92444828,32.37397451,29.22988173,41.96989469
12.46185261,16.0206437,18.79345037,27.03579213
32.73389774,25.41352232,15.41730788,48.67017629
38.95323135,24.28626161,34.41402689,43.48969501
11.92955025,29.43301086,17.1988487,28.34282335
22.86970512,30.76667457,43.60238316,18.37667031
25.98721402,26.56950229,29.25411234,38.11808127
24.94436753,29.66350364,25.156809,23.37153953
16.66043007,22.13869358,24.31712966,21.36133932
21.65202118,38.02121433,14.05469652,34.34691691
26.51832549,10.0254509,15.56367035,18.17159648
36.78431423,25.62180792,19.9176167,28.22989171
23.08651756,20.71302,21.94876803,38.40789646
41.84193048,31.61986229,12.95506131,46.1579122
41.4999179,35.42018592,14.79735085,31.11599183
31.05580655,29.28828656,21.34322676,14.00302404
48.55774111,22.09419162,24.21377678,31.31950999
17.68010731,38.47665873,22.91124416,19.99106984
19.0570846,18.88950287,14.37576928,35.26795467
15.6526717,31.73059724,26.43525079,33.76434326
33.74338544,17.62313884,18.86449457,19.21535069
28.47047843,14.96218714,19.07183166,27.36437526
20.43837474,42.61943149,9.326807031,45.73027068
35.94203617,20.47708847,13.4385786,42.42115245
23.60982727,29.30965693,25.10173926,17.0756944
20.80988444,34.61774807,26.03516392,26.95204097
25.73932247,28.24770645,23.34280466,25.08007293
25.12720965,27.70780076,15.50339568,31.66235498
18.49930288,39.11150976,19.06880517,43.55733184
35.91240646,20.4106749,11.75175152,38.93304925
28.75007098,28.81369153,10.89326504,40.97816075
19.29222337,31.53159828,28.12225356,19.65010074
26.94475293,42.61748618,15.56754791,43.27235661
35.92734475,18.16387334,13.8509634,28.86854381
27.24362096,37.97815436,15.62660721,28.09927668
25.0371788,26.90910031,28.38815331,17.86878001
46.44337413,11.57629344,19.02876673,35.88523656
6.482245069,36.21036416,23.47746417,28.56199206
47.57370965,27.79063905,16.38024879,70.0230122
26.11356643,22.29185347,14.64914705,21.21787902
17.16300136,20.80042701,23.20882885,31.08139588
13.61327032,13.74099033,21.73183239,25.52929646
17.79261856,27.67842152,23.18960728,18.95307022
24.85510105,20.2034212,21.30472808,14.48897884
21.84472326,20.75817583,22.20803479,18.79673379
29.91797273,15.70833037,17.68365768,30.34281799
29.74547531,20.62053413,19.10270062,41.57917968
29.21424423,20.27587503,20.37015255,15.24285839
25.15468021,22.81836603,15.26083351,29.1135556
12.07944983,21.90111373,15.08585282,16.28288308
7.689508776,12.54502832,13.69059616,31.84032638
27.80834709,30.3226693,10.80597592,31.81517256
32.73453701,21.66556326,11.81555116,24.52559183
28.47795445,23.71481342,14.0105751,33.97686437
17.45405715,24.23544923,9.725970524,29.00195751
21.03936465,17.21878934,11.77566626,39.76339253
17.3059551,23.8528253,9.717138305,19.14507705
14.93429977,36.92866836,22.71641845,23.37288634
20.31255005,18.45133252,30.71580361,27.81568284
25.17439488,24.80850122,26.47191719,25.22478358
30.93828142,25.22241299,17.60230833,34.95944987
23.73965446,13.8192958,23.13347685,18.60914317
18.73010488,25.07253769,20.56982625,31.89937832
31.19806725,35.96868141,16.4318936,28.63530611
11.32253739,35.81707466,30.31935224,30.92784271
22.25129315,9.584521298,13.66824452,39.12060286
23.64104994,22.56675794,25.13387113,19.38850065
29.0136318,23.60105479,26.14268663,32.60725425
20.95195718,30.66381868,21.22822436,39.95198536
37.49312988,57.0008519,23.31147358,24.8452818
35.00467655,24.98528897,22.73094178,39.53442434
31.78642156,30.1986124,10.00890531,43.38668548
37.92650304,36.69574052,29.18349555,30.60518516
26.93028343,46.28156223,21.86827875,31.48755737
28.21673932,16.95180581,16.6081007,30.65454026
37.78109394,40.17985564,12.78784625,39.99502171
29.56943735,19.48904828,20.0629169,19.8390477
20.29616878,13.45388033,11.56833124,45.15518239
21.17956353,25.6229434,23.02760553,34.16678932
43.27854342,34.20187602,26.87642331,23.04652544
31.11348965,22.38887441,20.21640459,18.78728181
22.97851809,26.4632448,6.971483422,27.68206884
37.54809951,23.54117055,19.57122735,36.48740883
28.89151168,37.56598954,34.30542523,30.37285265
25.48767953,20.16526947,22.82045397,26.5210135
20.54409455,17.29216443,12.25425897,32.32577929
8.881303844,18.92070596,10.84537857,12.76421849
17.40063722,19.16824111,19.5524444,22.36342353
16.75978942,27.72407316,11.11356048,47.70945479
20.58862095,21.33401961,18.78350544,26.84022482
23.39998542,19.47576449,17.75793575,46.65855523
37.10383331,34.00491834,16.94935942,30.86953741
22.03799799,29.25115508,25.71301934,35.79632458
22.1755625,21.73329975,10.54396197,37.34336571
26.57496064,10.75361912,16.9425548,31.22260117
30.69706113,51.17489039,14.28336922,38.98382242
24.9297556,20.53734902,15.27433917,42.50906835
24.64697815,38.29472453,22.18414883,36.58163277
61.49718021,20.04769619,16.42683944,23.95298901
30.94524206,22.88126888,29.70595023,29.3719954
37.63464485,26.41953589,15.45953644,43.42199085
28.891781,28.55696884,15.98210718,23.94969716
29.54393988,43.55204606,17.28793897,38.39954137
28.27143267,30.87185599,26.65195159,43.87314524
27.54776956,11.84156917,21.24209925,41.23521263
17.46750602,21.02275586,17.17581005,34.44148255
47.44095028,17.96044611,23.99100425,22.60833295
29.34513889,21.03869398,11.755056,49.22746726
22.14525606,12.73254142,25.4424171,25.33387705
19.02638391,27.7442305,21.41978274,47.00018824
11.42966367,22.79792255,28.5845686,22.88087724
39.78531102,32.7844378,23.95244728,23.51997244
24.89027233,25.1746627,21.21021736,34.4547239
14.80217961,15.00757669,15.73067831,57.51267671
25.09337292,37.06596771,14.42129367,31.26391189
31.34248156,42.13281271,13.36726485,36.23722288
14.28398071,32.50442513,14.2248701,19.89284525
6.266163177,21.56412956,12.01369742,36.02182864
27.95040352,34.20061574,13.99954392,14.75623054
35.87730005,27.4972111,19.37346104,23.69154161
22.16171582,14.88772554,14.15503298,25.93637411
34.55179987,43.94965938,14.56232683,22.02944108
21.70377752,16.44396318,15.29025794,29.74406955
53.85482597,31.09620523,15.4895947,15.65126857
27.52704478,45.8361454,17.37269752,16.10530271
15.52174726,34.88660432,25.27826935,34.21753601
26.83230272,45.15786154,26.27438921,25.6819434
28.53818987,28.34663396,13.37984744,36.37212104
42.13203397,20.11727147,27.36660288,36.67874768
34.04895677,14.10982899,22.63515999,29.33790674
15.43348089,23.3691288,17.85152258,25.51606102
31.28209245,25.52133175,25.51638049,15.41045905
51.07675983,31.44207407,10.21533061,31.51201085
42.46367789,12.22753915,22.15722326,42.16606839
21.64188214,32.69564086,19.43558469,20.38111044
31.20237082,32.74306722,16.04521195,18.74071364
20.23198102,26.70265144,17.71959183,46.51539559
36.09312755,20.46841119,18.65181652,16.18232345
22.70001369,19.21233189,16.40938446,40.368342
31.17715207,22.24535108,19.61160947,32.56700401
16.22240885,34.13922946,26.8470648,10.50699089
54.5360195,21.81721687,14.59506793,31.11877534
25.89041926,24.72021442,34.38392632,34.61239517
31.22996912,17.52512217,25.04470167,49.85860095
27.72317542,27.57093155,17.95386028,34.18993133
15.66119966,21.13001377,15.33087343,36.44875271
17.43157923,21.45697549,17.59536082,68.75542383
27.48807795,39.97573448,16.88048667,26.55227794
14.59552886,28.66227194,22.69508703,48.22564286
24.3459645,31.73587883,18.66108329,30.09719698
18.56833524,26.1697411,18.82710462,21.00673149
50.75818896,22.02985154,29.67815323,26.35617224
17.30465239,29.48423639,17.98251457,33.20203184
11.318961,19.87830342,18.95530107,19.13464502
14.85303938,21.03627082,31.21243353,24.72242394
26.3922908,35.81852836,27.6198013,22.40350908
30.22781792,28.5055774,30.81646715,42.91087819
65.51124005,25.49546024,20.11219755,19.5739867
24.65595431,31.69320218,21.74443394,31.24081657
41.98841105,27.99393582,8.69333104,36.36088161
36.47824445,27.03847496,20.77935469,27.86898353
32.31078316,24.15670004,31.79331443,74.1026042
30.10989555,31.30775765,25.78159905,35.31737329
39.88950229,30.77328686,23.76517848,26.49752794
17.8280225,31.43009545,15.6616238,29.5081795
31.92830169,31.39312833,26.27532763,15.46715605
30.51608293,26.7280774,24.59637476,17.22198028
27.12699604,24.67689967,11.66651343,36.38732626
32.28805152,51.84853607,19.49776678,36.01762805
27.71218554,12.21209309,28.50622201,30.23472965
13.29102902,31.92583697,20.7239821,27.65505774
17.8914781,28.58238863,19.46027176,14.22859296
14.88888218,16.49090635,12.59702283,26.65306669
34.13219397,47.24098684,22.5675789,27.026623
17.87635143,19.64237053,22.59220541,44.12868941
43.16298901,22.55433151,21.33894113,25.76274393
18.57579076,15.04758894,20.90415125,26.71283448
28.62292166,21.03714911,13.52415128,21.38430065
21.49678846,18.60620803,19.93174612,25.12742094
49.37415332,16.68834382,22.74166058,28.74161419
29.02049436,28.56697014,21.36611813,26.64124459
15.75387117,33.49760894,17.93478565,12.5767494
17.01477467,48.96371681,18.70449325,41.43497824
29.67827179,44.45185886,25.56864804,12.54144269
44.42468382,22.78213336,43.02055489,27.74179839
27.44160262,11.06560558,10.07897453,44.23935934
20.79245753,15.13217718,12.89121329,22.27714449
28.023994,38.73485302,20.39372934,22.47981035
33.74401676,29.81731868,32.48783164,41.99953224
23.78585341,20.92410057,20.87507198,40.79858332
21.83808767,34.3401493,27.93785729,51.58592788
42.97980503,20.22388624,23.34110415,26.534137
31.55821459,21.97455513,17.35807025,24.74955116
60.50356735,19.83915799,28.61469449,26.28050324
35.79472688,31.39686708,14.84635523,51.32967543
26.8870933,23.51080938,27.13973106,29.49138767
40.0822069,16.31616164,10.40724777,46.05236173
13.04920771,15.15605148,12.60236141,30.82909777
17.13360394,21.92304805,28.16084136,29.19639953
6.737510009,25.57604722,16.42229805,26.61090472
26.18462876,19.3719308,10.94468958,26.62960082
16.09212133,25.96086225,23.04687928,35.19050753
17.6457968,29.54210683,12.93916422,26.05552387
10.36342209,13.8895839,7.957915378,51.90589069
21.89684135,35.41963356,24.61856076,23.1875524
34.40040787,22.98865916,14.17059133,19.06997841
25.17836628,32.08832133,33.16941274,33.65637769
17.90042537,27.03473335,25.49212247,30.57587329
33.63688353,17.43859971,21.37667722,58.1896409
18.3732938,33.80740649,19.44677174,33.41911749
20.86289917,29.58812233,10.58450417,30.88268503
23.58493715,18.30605307,14.70546926,39.94532222
43.19894239,17.98256347,28.05902252,35.31968854
22.89242254,42.73125321,23.48721112,29.16529499
19.18574192,23.40397284,17.51197688,14.15540808
35.66925871,20.56510244,17.11625315,14.848158
24.89721653,36.09998908,33.14088028,24.88855668
23.23597677,22.84583651,32.9550352,32.65270582
22.19439935,35.84666225,20.9370052,19.63774447
26.90768818,28.18264517,14.3775751,32.63543429
19.49051221,29.86747374,32.05189826,20.69976483
25.60165947,26.6893629,14.45575149,21.26187323
16.411448,21.24513924,14.51250287,25.84254815
45.27032211,21.68204214,14.98115294,31.33532931
21.19131439,21.31795404,22.3365904,38.2843582
25.3428138,31.96324071,27.72857368,13.7588257
15.73381534,20.60076154,22.58991629,37.45474127
21.48808357,17.93193565,10.02885743,31.39521334
23.07439366,17.95025855,25.04530649,25.93882323
50.44362982,32.05519799,12.50914736,31.66354441
29.62635563,19.07597613,24.28640059,19.43864603
24.7837469,29.95719506,15.94112383,75.1876361
24.3829875,24.38137198,16.75003396,29.87202345
43.36200231,32.78887054,19.34653207,25.73558394
35.19621058,22.83947127,19.47601755,42.47964441
27.09838745,19.26671801,22.46766981,26.33710544
32.09083582,8.36230361,20.52770301,29.36136507
22.46867915,33.68091505,15.43937751,44.16213881
39.81303732,15.35459868,19.31349505,36.50024539
33.27300385,19.84878339,16.21984977,25.40270613
15.63719177,29.28332735,15.85229109,38.41658122
23.31521545,35.99133809,17.38049157,35.1987954
23.34548627,30.65977804,19.88592497,34.44802731
30.18855706,25.68337558,12.26006136,36.00495587
14.84535836,22.87164933,24.80317867,26.84147736
21.07377792,34.27796018,29.47028895,31.00022058
32.2532545,27.33516157,12.16576931,56.36712695
12.81992934,16.22695778,19.49498893,32.76630898
39.87366839,45.81139204,20.63918484,39.47623519
22.30551027,30.35674352,20.37565846,21.868371
27.42045646,15.4271176,25.86352855,45.09824887
31.34575869,31.22990253,22.05711538,37.21728097
21.77479657,24.37751906,20.93265307,34.70448174
32.21224729,33.65412069,31.95985046,25.94928735
39.25450842,20.0727416,26.0215708,28.26319961
31.02353686,23.81662747,10.71361112,36.22402586
16.97824638,21.35957142,23.03066012,30.32476167
28.46581278,27.0747956,20.54061021,26.49127461
19.01187316,20.4620284,13.65105317,23.84611696
42.68662463,23.58693674,18.75348601,23.09091578
28.34653587,16.99994076,25.78388918,21.201867
15.58359389,19.58947246,23.05042906,44.26434814
22.03353579,19.98515565,16.15733821,29.45960655
18.35116616,44.6482113,21.29786097,39.83698328
21.40224228,25.55123939,21.78432369,30.51357107
24.84523655,27.31595899,20.31538986,11.98652268
19.85735245,33.48477954,14.577289,32.53623372
26.55624079,58.11491427,20.2650255,26.27350989
37.4667488,22.47179918,12.43377702,31.20414845
29.38204464,18.43841126,27.83432282,12.3727398
26.71874212,15.4206555,13.95798251,47.87387732
33.70208034,24.20944335,17.13362574,29.06748543
31.15196801,23.97092323,23.10737243,29.66210728
19.91189792,32.05822068,24.12526048,27.85475259
21.73330779,22.03717651,10.88756309,29.17544785
26.67907973,24.00405044,19.81088461,47.54484038
34.89062115,14.27281713,29.09808052,23.51639036
29.0085413,26.6677736,22.5699987,54.89792564
55.12680263,43.61709739,14.08954192,35.97679856
23.31523889,41.00358058,16.99288954,30.43982424
27.79303641,27.26034789,16.15262108,30.1883116
30.31079699,24.91732806,29.40862389,24.91688436
49.67721189,18.46446896,14.50705084,51.91763442
39.37021466,38.85748516,27.37193246,54.88439406
20.3442354,23.98200775,23.30108981,23.42187784
43.47986695,24.28519439,30.83436022,34.85776778
33.58369375,20.47701103,18.72567327,32.12171126
55.89118077,15.54849812,15.86108649,56.9668097
20.31341018,18.18668828,20.6632983,15.41923416
20.27823287,31.21453019,18.41869706,43.46217215
21.93454387,18.86557454,17.31109331,27.92742776
30.13883447,32.34581352,22.11407158,28.06538826
23.2809797,17.00652975,10.39057606,22.4289598
26.56235411,43.52052128,17.35249027,15.86360659
23.9325855,33.45727841,15.31120871,27.87089512
34.50180967,21.88147013,18.66245172,40.42969833
21.85269429,18.97100374,15.00420224,44.16210264
17.54195325,33.07667782,14.6972301,28.20439262
21.0446244,32.1062454,25.51098814,18.37452506
34.94835069,42.0681134,19.84874558,22.08651695
44.99586127,22.64991766,19.5782245,37.13228421
16.49042172,27.97420433,16.16113062,23.68699449
43.39395577,28.1595871,19.320584,34.80619734
16.70235973,33.4844207,17.39167047,48.95250878
20.28954657,33.63192362,23.35553564,49.10703411
33.18290125,21.15644789,19.36845223,32.89435514
36.64074165,22.97317708,13.96049672,40.66495885
17.3361453,15.42029029,20.48319925,41.52691803
20.50888386,21.48062769,16.00282804,39.66779887
24.71396035,28.95621847,17.28499178,20.85028339
30.04635915,51.87213816,16.66969881,31.9279245
36.36516965,21.80632127,16.40136277,37.48483603
32.63201454,30.62241428,13.79803934,34.8726701
32.97847266,13.80343077,16.01380486,45.8964797
33.86814581,31.22669277,23.78332919,43.0094098
30.28020447,30.0861654,25.75909981,31.84389781
35.88825834,29.74096444,18.58707033,22.58273333
28.91266278,33.00957864,12.4251705,42.43586894
25.00564886,21.22730328,20.84580749,29.24224474
22.83392768,25.87966407,25.22567976,31.96659897
21.32250118,14.06890285,18.53619261,26.61685082
25.61147782,17.48227692,13.60417033,25.18650198
23.94548,28.46349462,25.16358572,11.99331351
33.62478827,37.54400166,13.5734055,32.63357965
31.11462424,21.22752078,18.89198293,31.3637831
65.07066731,32.37774744,24.01532789,26.24528209
12.74954584,25.7656856,21.17686078,44.76914864
17.87218791,27.36510901,24.26505291,27.4704113
50.46192718,22.35396682,17.96267346,23.81937538
25.81129566,30.71115105,10.17596971,15.12336173
26.58692572,18.95138035,22.06134078,27.275668
31.05943348,13.48102319,16.47978887,15.2337443
20.88442398,17.091897,14.91644764,23.88330349
41.84067294,36.96565061,15.5783772,33.22174044
26.57188845,19.93536682,19.34318267,23.43593692
40.9138832,37.24625722,16.06226016,18.95769173
16.58513124,33.19005413,17.22225496,21.80844063
27.60178114,22.6250558,22.5104737,53.31245783
19.76349522,28.625911,16.7432447,22.38465711
28.00225809,28.74627077,13.37293364,38.99254898
31.33413428,26.76017855,15.43936351,17.30605423
43.47851584,19.55919213,12.88030363,18.14889669
30.09982216,31.58166893,19.58126251,19.21981486
18.36138584,19.28974651,20.56586801,25.28687663
26.47007968,28.14645796,23.87269428,27.89125114
32.1670521,49.14817241,17.79289085,18.43857438
27.19805004,26.85847743,12.96781718,34.26768637
34.58555702,14.33907355,21.18395095,19.12832784
33.9747648,20.6170721,25.44893022,32.45790614
35.30998556,13.47068445,17.67826053,27.98117949
41.93121457,25.42467385,8.484772088,29.31813284
26.61139926,34.66557596,23.18483991,39.68955023
28.04017094,23.60349252,11.31202058,19.92488093
14.70037271,43.95067388,13.32607895,23.70772592
31.13614842,12.09477768,20.0448689,14.97013243
16.58656585,23.64152415,10.05515043,24.32828166
26.74570295,24.18954933,18.87635956,27.34863086
28.66997822,31.99347894,23.60446463,25.27420098
29.34066277,25.76617481,10.97279534,28.91902595
6.505973449,23.68076907,22.76223643,25.9538513
27.54787926,31.04715578,6.233448153,58.3915097
21.62283508,20.28405277,20.82568593,38.90032265
25.62874695,25.20906713,29.99078427,40.83286499
41.51646268,20.07641097,5.010792001,60.50280635
28.05113455,35.75712996,14.86285937,52.77262973
26.64139094,15.8555774,17.53581919,16.35696369
37.0981768,45.81073507,17.34978519,37.62736987
24.83135734,46.04376222,13.07175996,39.58385448
18.93786598,23.11240797,18.48440881,23.92034232
35.21378688,19.66019752,7.116149533,42.90598977
45.46562082,33.18506721,16.21407115,40.58629035
24.19530363,34.90430409,31.96374725,27.43066255
21.49785515,22.00967675,21.64723566,28.80467067
35.08655387,22.27984772,27.23562244,30.90266464
12.11941809,24.95307488,11.76011287,28.59165084
13.98774253,21.71361886,19.68635687,26.97087471
34.65284571,25.47599855,14.9012121,35.8367075
41.53434903,39.92906401,19.47467653,42.08390067
35.53402849,19.62738657,26.86417989,35.09084103
23.13189037,24.77091794,16.19708495,59.1222141
27.18845685,36.18209857,27.04158456,28.43030579
24.67958964,26.02760562,16.9806237,14.95556345
25.69815922,14.97847121,15.20638008,50.98719416
18.69117082,20.51555861,27.23819791,32.07155612
19.01307453,36.32948731,13.09280946,37.67020175
30.46500781,17.25729565,12.175642,22.54759089
13.04339341,29.99186992,14.86546975,39.73322843
20.23256293,25.0413221,14.27370342,39.68710451
16.23365063,20.15469613,16.2394457,27.51934833
33.23249734,41.2754142,15.48362538,34.4858947
21.12135642,23.38379159,22.00919713,23.94074658
35.61416757,23.34417749,13.91795875,24.80856421
24.95938792,34.27216968,22.23921247,31.15677705
22.86159916,15.8595816,29.38476989,46.9923752
26.30909998,43.61063419,11.92351448,35.61225812
26.96019966,24.1377304,12.90601959,29.89965106
27.58263069,36.0308634,24.27794915,26.62423651
24.17723179,21.49937501,15.15631451,26.67316629
18.11005187,26.61699599,19.52871743,43.77163456
17.81199216,27.56192491,6.829509482,33.83481107
20.78454272,29.7292272,8.908003097,49.53978587
23.38811943,17.1252813,19.04854787,36.4703315
28.38485448,14.41748732,24.72023242,23.74028459
28.27490795,25.43826709,3.47056227,28.8265005
26.27672681,35.55098789,40.86220232,45.45973604
47.56324605,22.25907937,12.95049003,43.63736329
29.96759781,27.3135866,24.04588773,39.48723322
31.667054,27.87753134,27.05563433,44.52088985
23.8486401,27.53687723,25.04085999,20.39977455
37.96710751,19.00514553,9.256138837,31.96790561
24.26879076,16.72466487,20.20802582,31.76404236
51.00478559,25.00137071,20.4446916,32.88712741
24.93579609,23.72531278,22.96600149,56.60930599
11.68825909,21.76671862,36.23460399,39.21366141
36.13484054,23.49919231,19.34426676,33.84265252
46.18131634,30.97369198,21.37349266,33.60135214
25.716146,25.43441423,19.44329001,13.61740703
29.82655316,22.0176062,14.26125525,33.52826382
20.88150734,23.97623546,17.4207619,27.2683078
28.78082003,19.75863449,12.60811666,26.46108992
51.67298928,26.11103064,33.58075533,28.30004382
25.79175699,23.31358382,20.40740943,29.39408184
10.92928979,22.58305957,20.1304989,35.9388281
39.06816764,28.09509695,24.81984927,22.51715913
44.65300583,13.85304487,23.32937935,37.89969688
27.27383303,40.01972726,21.98730616,28.94007849
24.79009526,24.6463184,20.28178092,25.79335607
12.22374714,27.46156072,18.38875968,34.70227382
15.68177638,18.13987074,12.15304799,32.02832578
40.2469026,27.76512544,24.01885225,33.58474129
19.63597312,27.41753597,11.42743359,21.8498525
7.268054204,23.23897522,26.02096693,45.49943946
24.43746742,25.75497073,17.47009934,20.44989833
25.43272218,13.27234921,24.14115329,15.83663304
18.27405681,24.56390805,16.37970159,19.53030184
14.37669845,47.971509,24.17677155,13.67737939
34.97903767,18.42197533,22.43186627,48.75723352
21.28057871,33.47892733,7.499946068,52.26311836
22.0294143,28.10765414,16.27384748,15.64196808
13.60729407,28.94373149,20.12859373,28.67504073
14.04764731,13.45980627,11.93593296,42.04869697
15.97852935,22.96718277,12.15031063,21.50108141
18.95053366,21.59080729,20.29919252,29.40764548
35.35756207,22.26932219,17.0157607,36.88792337
31.37523106,47.46115347,19.25052399,25.2502621
29.39219118,13.88856337,18.76715999,25.94508312
31.3973567,25.30153693,19.344299,18.87743397
47.58719492,25.93643535,17.59372494,25.44921057
22.35283711,20.57614948,11.97230272,32.8993645
37.27238125,36.29970895,19.6982093,28.52537406
13.89637162,7.939095856,12.00473939,39.21802668
19.77069996,14.33853472,15.30516763,39.55587499
26.11969967,24.33140915,16.12281675,33.94364599
17.26309967,20.77327314,12.46219713,37.88283577
24.51277894,24.72715536,18.07808199,25.88671269
20.42633434,38.2714793,20.94887572,20.56029811
38.22918358,14.27113944,26.550083,25.56207795
27.49929471,25.53305845,9.345210735,9.865107805
44.8374106,35.84347974,20.93435119,14.81366381
29.36714035,16.35332587,29.174512,47.13525825
39.54571436,29.66411685,16.46631192,59.06297803
39.39899721,25.93124332,15.29377455,33.06377114
17.872895,30.81619299,14.48551063,51.72051604
45.35699589,42.20797792,40.93499394,30.1395446
18.64516413,25.17597741,20.13984403,23.7504422
24.10871411,13.22493267,3.504165652,39.80122589
25.92742081,26.17388837,20.42233064,26.38647871
20.94585386,23.55634515,18.6648926,56.56959351
20.92403693,23.76632725,23.42117155,18.97566342
26.40916154,26.04701449,29.01563348,20.34823508
26.92804429,20.72746575,20.07353289,23.8079984
18.42300268,13.90851678,21.27603575,26.21609437
45.36268683,32.36559584,20.16059684,30.85730419
37.9265606,19.17804402,20.52446538,55.34540687
30.47331542,21.99482388,17.2384071,36.69632882
37.34692414,31.12677605,9.507714806,35.14015466
19.74973314,25.1287215,11.60782106,33.40512536
23.46390664,21.73224155,15.05499492,35.14370813
19.55895001,21.74663735,25.72779786,35.47760581
15.92839419,30.55845579,17.57574942,29.50587095
38.49489017,25.57399884,19.61937231,56.26052552
15.17922659,30.25004115,22.4695825,34.35896311
29.34313369,19.91835733,15.30828409,20.51819378
20.0741568,9.740204895,29.77552429,25.95080069
33.50788475,35.32246573,15.80726871,39.21139283
20.77152658,64.18297743,17.57600964,21.92660676
23.32260783,27.85390775,25.03523255,26.67688134
20.13659341,14.82162438,10.18391487,57.57940261
26.00001271,33.89228674,20.19030645,33.81850155
25.09670084,40.54316251,16.67029905,30.89916193
18.43141334,44.02326774,21.91151744,4.113990824
19.42552488,35.48747487,21.98461683,37.09796616
18.38836945,26.22405934,12.00650091,21.50678671
17.76051482,17.24932003,9.719958665,34.33509207
22.52379953,27.20579684,23.10467122,21.16198608
30.57399021,28.55917323,31.95350675,31.03701249
21.83283422,26.16798913,19.85564722,40.94426643
26.09479924,23.09522063,16.10768566,30.62038662
29.42481688,35.44414968,27.96347608,33.64189647
39.37237705,31.04872054,29.96792629,34.40683241
32.79707063,32.12307969,18.35735626,46.35477833
23.91510812,28.61028247,5.471983085,51.07512851
18.88740604,39.13397245,16.75578219,42.33383573
27.24516776,11.88767478,13.63961129,35.26822813
29.21268902,17.16759699,29.16037017,34.96919368
50.29086749,24.43408956,30.89760961,26.19578272
29.89802293,16.96861407,31.92900968,17.93531437
21.38464263,36.80374298,25.94696146,15.26899961
23.62656412,25.2842858,20.43353774,55.75963124
27.49184469,27.31993938,18.73097525,31.21463748
47.25446469,46.54964624,16.57606755,25.78350189
19.34564405,26.79043667,19.04770317,27.85120911
23.83365169,19.66166516,15.96960043,27.71898865
48.64910442,21.74072381,34.20306733,41.27353922
34.241739,22.70758709,17.7244847,65.73628703
21.76988094,28.82264289,12.38043141,32.01282329
47.6301883,21.56890875,31.42348368,55.4103401
33.44793931,25.45487978,12.84189989,31.95358489
37.77536996,53.56569757,17.34790272,25.68890414
25.09102558,33.22010316,15.45225837,25.52610746
33.82704874,24.88558516,18.90241898,71.1047652
44.40000498,33.37245512,16.89934768,26.22046975
20.35824047,23.18299832,14.17867126,17.06222099
24.76780811,23.9276219,24.51189856,18.7897835
28.76662739,19.41235956,22.89717415,31.0545869
33.91893303,16.93777542,19.58859494,13.13749376
12.3002759,22.1816435,8.496738615,30.83604451
32.7476989,29.29534525,21.30924966,40.79963141
26.78190419,25.18567894,15.71613561,19.85808004
20.87592297,21.44102966,18.07577389,41.91492869
21.32786114,37.56397876,14.48256198,26.48042191
26.06384869,40.55235635,14.5618357,61.6861942
23.45601892,13.40459999,29.32980148,11.65409684
15.46991903,16.98274813,29.36415926,33.76237427
25.3703709,18.97485115,12.8088667,21.2564838
28.67439307,27.61500844,17.82104995,38.51679224
22.39513676,18.85744647,16.48065937,36.6135157
19.08458424,24.55985213,13.00650799,42.46465253
17.85302288,14.03952902,18.10515357,64.00734775
26.40070894,25.65628267,26.95607922,31.18512642
26.30517921,19.0240881,30.67603806,25.04387316
18.88243258,14.61768719,24.63262655,19.51786622
33.63874634,19.21963002,14.11619884,36.63845368
19.46776857,17.0097946,15.99820351,28.18710118
19.72372941,27.13729475,20.64114601,14.1678218
18.0539972,31.08745926,13.36124392,30.44863398
22.75640064,20.37786871,28.12735434,30.23583418
22.75696378,26.16453705,17.8403235,22.50390351
20.01411081,26.42253766,10.94679273,34.7120602
37.64285397,17.99540053,24.80039398,51.02003887
19.02686571,33.49979107,14.41373925,38.96922891
19.83457343,25.84382535,12.13363907,37.51888891
13.91538246,26.67625244,13.36350872,19.13727615
18.03200434,20.85823129,25.6324029,39.56773982
16.32543036,20.95795911,15.81809151,37.56507714
29.48249693,22.66331176,31.5278783,27.96057575
41.98777732,15.2941784,25.92871345,39.21885984
31.30307308,34.47794143,35.65423721,15.83147741
22.82982677,28.46250982,12.74935831,45.72449993
28.87805726,22.68174144,13.74008446,26.64865113
22.17023881,19.67246885,33.10017894,37.11931288
16.10105822,17.02041332,27.55970816,49.8667449
40.02818604,29.45565147,17.08859928,38.81475701
22.31160955,17.53997156,16.67965008,24.55549454
28.40628454,43.76966555,14.35404124,16.42115009
28.5462417,44.75239493,15.33685936,48.64280922
33.59425125,37.62672801,27.72233435,46.21297225
18.5405906,19.372838,15.49689674,27.59505867
41.59803381,19.50752397,14.23407263,25.17976133
23.7653588,28.08131975,13.96972227,37.23023898
31.3510836,20.8388185,24.26409108,23.9382985
27.71489586,20.8527357,13.08571195,35.68439934
22.17021525,18.71272191,15.97034476,46.15988352
14.25575268,60.73661463,18.083537,28.54281945
35.36317419,19.41875904,35.90723122,29.50174245
30.20098469,16.61772352,17.09368132,18.96604253
20.49276625,29.84145652,15.73048177,30.44329106
33.99111477,44.90832647,24.69834067,20.99522866
20.68167155,20.50483961,15.14146096,28.0511682
37.95615764,29.84198857,16.71968924,37.80262666
20.16358609,24.77260967,25.46363388,25.42418479
28.10541411,20.06814718,23.76387917,50.24473668
26.98331386,30.14199731,21.57427364,27.25779765
27.40383517,33.93669778,22.22061314,49.7808797
34.47310654,27.54284651,15.87623972,38.57438666
24.28900476,30.83884706,14.02106842,15.4826857
18.36294848,18.00064003,10.24198165,34.39608834
23.00142053,31.95751809,19.03684008,35.645618
20.78814572,26.77391241,21.44699003,6.310276414
36.09495133,31.64436993,11.93030151,39.92687211