A1-LCD-hub-rcom-normalized,FUS-LCD-hub-rcom-normalized,EWSR1-LCD-hub-rcom-normalized,TIA1-LCD-hub-rcom-normalized
0.166861805,0.176698194,0.161918808,0.05856293
0.167093847,0.220036946,0.235844227,0.117498782
0.175205063,0.195183884,0.093632367,0.061929865
0.320314493,0.150733059,0.134323542,0.114194637
0.266546329,0.152575293,0.285766822,0.183464009
0.209308311,0.224088784,0.078186513,0.102927099
0.173370172,0.121081756,0.215139934,0.183449209
0.227734576,0.230988318,0.234339774,0.148389096
0.212435839,0.268035082,0.099745656,0.218698265
0.166196984,0.228473437,0.242501007,0.128573105
0.070616037,0.210338364,0.172462609,0.066746804
0.160159519,0.061722752,0.161545671,0.124783083
0.135356731,0.116052309,0.158178011,0.100469302
0.140319937,0.123281732,0.18539922,0.131364363
0.156375395,0.118223903,0.216256251,0.148303538
0.259598325,0.185923401,0.283405664,0.184190989
0.130816356,0.080843734,0.220703861,0.201291934
0.234695941,0.138926599,0.137455529,0.154380539
0.161054862,0.138742073,0.228121278,0.175252122
0.172746296,0.183570132,0.088471458,0.203238667
0.221150378,0.128328656,0.213911745,0.048117643
0.187096965,0.119473912,0.133189616,0.117897419
0.129123258,0.057052303,0.103572247,0.152145616
0.155353825,0.172860451,0.208008114,0.11140463
0.301264058,0.236794705,0.230873102,0.108384321
0.209327839,0.245527592,0.182238444,0.109157661
0.179114491,0.142796496,0.20113601,0.18525069
0.303320646,0.147947457,0.1820955,0.246692922
0.2537422,0.120973645,0.260386758,0.16501864
0.239384568,0.181623889,0.234860239,0.080145498
0.197080917,0.07602397,0.15028644,0.081868073
0.193901968,0.103571568,0.245863948,0.096035342
0.134182783,0.158250265,0.164852335,0.182363579
0.059738122,0.144944781,0.195148865,0.198418639
0.06948297,0.12401085,0.093893656,0.195233691
0.128901028,0.047849584,0.226263335,0.155921658
0.071396875,0.10955824,0.273609466,0.152865351
0.259699258,0.238824837,0.260848564,0.127099308
0.123145487,0.168291774,0.164244873,0.140989065
0.125682595,0.183517222,0.251693529,0.140024946
0.146222863,0.145779611,0.213265581,0.087968755
0.126873088,0.117451475,0.044314217,0.116733324
0.0534212,0.102087889,0.152965483,0.148539023
0.180985964,0.059685399,0.237996985,0.118731597
0.212819136,0.218819883,0.150751693,0.226927089
0.173867651,0.15977633,0.146825993,0.22895032
0.068967447,0.203089057,0.252004275,0.206139409
0.227850533,0.257329626,0.215577263,0.195433671
0.215338973,0.201551445,0.188284602,0.162635365
0.117746843,0.230572527,0.22077577,0.185876599
0.042026281,0.05446642,0.081719065,0.135074683
0.164654555,0.187434913,0.19328913,0.130265323
0.150765041,0.101021171,0.209891318,0.214501107
0.106477143,0.21170547,0.255836025,0.249905219
0.123684458,0.057789198,0.184498026,0.131840872
0.088920154,0.194117717,0.12809821,0.100200366
0.180810783,0.222919877,0.088198941,0.222581077
0.115238166,0.202987942,0.212737214,0.147220122
0.17557964,0.130549192,0.205666311,0.162265988
0.234586343,0.261049899,0.112377678,0.083639959
0.136912814,0.202486598,0.090350391,0.064800915
0.14429455,0.130778123,0.047772193,0.135889138
0.125288031,0.046914475,0.190920741,0.13063679
0.26401446,0.12678101,0.189039118,0.190138745
0.148821555,0.136329554,0.207098807,0.123862021
0.210267326,0.320583484,0.221331815,0.070429451
0.054263238,0.392497553,0.250195684,0.103614038
0.13131996,0.273900839,0.081697556,0.194248781
0.155765244,0.129553914,0.207461738,0.243795253
0.14642429,0.14789648,0.16855838,0.13122537
0.18080082,0.143612509,0.143368009,0.140887524
0.053854678,0.072137314,0.160425307,0.11935298
0.20320553,0.159598978,0.179828869,0.203556831
0.13339711,0.198564763,0.058438603,0.147237751
0.181686133,0.267136069,0.137240865,0.054729822
0.257034167,0.284392572,0.135052486,0.251301584
0.1925851,0.062490985,0.209191072,0.132997368
0.142699423,0.121919018,0.274659044,0.193412071
0.102948872,0.160642931,0.187652239,0.231664747
0.147539895,0.153244547,0.126883416,0.207990419
0.207372716,0.075214619,0.130828832,0.034506329
0.073376802,0.039511935,0.127236195,0.151964031
0.238273547,0.173825646,0.185092175,0.16428732
0.162769069,0.200103906,0.167762077,0.245372358
0.126865724,0.190189156,0.173016572,0.22099882
0.151004938,0.17100322,0.17090968,0.075318672
0.211697138,0.136092713,0.174283566,0.094187995
0.202231745,0.085177201,0.164566648,0.098036003
0.174933187,0.155663624,0.222003194,0.257010379
0.210176737,0.187296449,0.222494109,0.083849387
0.159319536,0.057961362,0.095776609,0.08568903
0.128024684,0.125497898,0.208444398,0.157574109
0.039252869,0.235068147,0.130378292,0.226278957
0.212736616,0.215047572,0.037422453,0.198153613
0.2578581,0.144121504,0.228401357,0.147111023
0.243215208,0.199458721,0.059105749,0.162242765
0.230888186,0.181538505,0.17346674,0.070545843
0.254752846,0.255645979,0.230354624,0.191807227
0.087796962,0.133285728,0.169847603,0.11938915
0.221260121,0.237206103,0.210589674,0.15612405
0.135793068,0.080488724,0.055194173,0.164166916
0.157375072,0.106677386,0.050604324,0.176629932
0.177083414,0.204218676,0.191663876,0.127459322
0.241118224,0.160904692,0.133288319,0.175678537
0.116945914,0.104978049,0.276418472,0.104989118
0.180920417,0.174457636,0.223293819,0.174304581
0.046479705,0.121737942,0.222101869,0.156481659
0.27318568,0.168457825,0.146125685,0.165391955
0.086707022,0.208092212,0.150366205,0.019305047
0.268074007,0.178045949,0.23373701,0.215284916
0.130430025,0.111608922,0.217247278,0.087099671
0.186852819,0.188371386,0.208987491,0.104185583
0.276356425,0.146499983,0.19320677,0.151285155
0.184407174,0.125165166,0.100372073,0.129160871
0.312943538,0.143822734,0.219579713,0.189212094
0.24974354,0.175064071,0.249795807,0.126991826
0.171342455,0.156959499,0.277779215,0.171809178
0.300389033,0.134874023,0.258873479,0.272367293
0.132724623,0.227651267,0.058083675,0.197363296
0.341956428,0.160233037,0.2298145,0.268741583
0.114511019,0.118303299,0.182272657,0.143923761
0.158789321,0.076145368,0.178059089,0.14531775
0.179869834,0.072544682,0.294456221,0.131040026
0.250477597,0.121581286,0.100864823,0.180898107
0.125604724,0.253013342,0.083153898,0.1976631
0.077807322,0.226431164,0.220342746,0.202940327
0.142755162,0.139189591,0.18795298,0.06541204
0.193273962,0.101166165,0.171237652,0.20520471
0.244226049,0.14696101,0.102110113,0.182658335
0.141474872,0.215698245,0.320825253,0.146486322
0.110035885,0.109923545,0.18295268,0.154384188
0.202543399,0.121159824,0.170168813,0.1909193
0.077788537,0.218884884,0.223589632,0.192472156
0.158585382,0.207593053,0.18073716,0.184282569
0.217106761,0.100663327,0.206549768,0.17507228
0.186096941,0.162513113,0.189193546,0.164803505
0.124430553,0.227734766,0.11820887,0.18563269
0.151541762,0.168405099,0.228512578,0.172920808
0.254127979,0.127370702,0.154349081,0.19719112
0.26472086,0.202978564,0.129651652,0.212694661
0.225705438,0.132131085,0.168763737,0.093479575
0.065592036,0.153646837,0.266979147,0.126617725
0.127788515,0.178525079,0.180230913,0.163779544
0.085977011,0.190219076,0.196174173,0.105658138
0.202165995,0.197447689,0.192284612,0.127121889
0.08776778,0.14782554,0.177408567,0.125940198
0.359346963,0.184197679,0.279444132,0.112670965
0.254700287,0.203653885,0.308250099,0.180685976
0.080077414,0.241101367,0.196859174,0.146028494
0.222944676,0.082817992,0.184891184,0.122860669
0.223994018,0.201858533,0.123561918,0.107357558
0.064050448,0.11248964,0.211640781,0.16219041
0.185544862,0.071019993,0.114023104,0.234511674
0.198888052,0.19259345,0.176560777,0.240427291
0.276597618,0.146161745,0.312629747,0.158155999
0.069209075,0.069431497,0.135777225,0.164306925
0.142202913,0.091874892,0.144710058,0.131204557
0.202460736,0.103676904,0.045138238,0.069093797
0.181594892,0.091539638,0.185344032,0.034228963
0.153296922,0.232611334,0.217774376,0.045720959
0.048446077,0.036950501,0.125056701,0.16506477
0.077062292,0.201346534,0.173952915,0.131398456
0.163480397,0.15668842,0.160130694,0.16671612
0.044315589,0.214351502,0.243833141,0.120733739
0.273340208,0.103546917,0.251143342,0.163240896
0.151657988,0.147347009,0.183794889,0.165100423
0.067858042,0.073341711,0.193247684,0.128988974
0.314554289,0.115773014,0.262168884,0.141724826
0.195096446,0.181426004,0.254679361,0.129113405
0.13706743,0.192371327,0.278349573,0.173641602
0.142369927,0.129157596,0.121829908,0.144063472
0.265777793,0.108440027,0.212456288,0.242767917
0.286208493,0.036403936,0.159269817,0.120617137
0.246475872,0.209975233,0.205484389,0.16596642
0.206886229,0.221115035,0.238617922,0.156510601
0.258608347,0.300694064,0.210701916,0.163131484
0.183829595,0.191805119,0.090034112,0.089704985
0.094179746,0.17407836,0.208138607,0.140611845
0.186108607,0.326773047,0.046845813,0.101068872
0.257806892,0.169688624,0.238365257,0.163045336
0.106216706,0.084469836,0.171372961,0.193284714
0.1057522,0.16600818,0.133205505,0.043088376
0.268937583,0.168647083,0.167346088,0.169993224
0.205813049,0.204320015,0.129671125,0.148905101
0.193098516,0.065798529,0.273288163,0.067925679
0.240364837,0.097760948,0.193469874,0.060189011
0.165883503,0.176183438,0.245380564,0.213178939
0.178473062,0.208270182,0.293916368,0.136490918
0.258228991,0.201164977,0.219457561,0.053142206
0.194986686,0.210474113,0.059109468,0.192887872
0.192633728,0.121865979,0.151132848,0.05145646
0.178344439,0.089125713,0.181338756,0.060563214
0.210762538,0.053966354,0.093715208,0.166164425
0.236117058,0.095252558,0.106123539,0.175793278
0.084746772,0.181178901,0.229318764,0.106410882
0.307883295,0.124543328,0.248197194,0.152473916
0.150619005,0.187235554,0.14769417,0.158033548
0.278238727,0.189601166,0.148344852,0.135757893
0.171608066,0.248272805,0.188394803,0.174629035
0.115847945,0.088458115,0.143931427,0.181704678
0.157128439,0.107006271,0.074069419,0.044541275
0.150834283,0.066622415,0.187626039,0.148462429
0.184740168,0.142401954,0.104263971,0.126119934
0.164488788,0.127483059,0.182165206,0.08465064
0.180255305,0.240628223,0.239977621,0.069294881
0.115108566,0.095019839,0.093061031,0.168602887
0.114740576,0.215086546,0.193118208,0.207502677
0.268443025,0.155048126,0.127710429,0.200576318
0.244720435,0.223301819,0.192787094,0.161531898
0.233430719,0.146514568,0.170625602,0.189671797
0.210222921,0.153221176,0.049437894,0.022437061
0.180487641,0.110279407,0.163729527,0.183721541
0.207006013,0.211071807,0.212940209,0.058808852
0.066831589,0.203229209,0.213038282,0.100224516
0.249334645,0.160229261,0.173026404,0.07767896
0.049852408,0.182178114,0.198343057,0.145313989
0.122978698,0.205982886,0.255398165,0.19426191
0.081156769,0.230227733,0.247910708,0.157415034
0.098111053,0.066053077,0.272153013,0.14969713
0.139125288,0.227498147,0.265318212,0.165854968
0.129669625,0.059500561,0.184750133,0.143952986
0.12479426,0.16126582,0.152433404,0.130047707
0.244432001,0.192105944,0.192011284,0.13302272
0.26993911,0.142092394,0.214045604,0.120521775
0.19399936,0.255032208,0.183674296,0.120042557
0.218331149,0.224100126,0.232218539,0.153319409
0.224297006,0.120562631,0.253177843,0.204940837
0.153086671,0.140387131,0.163858371,0.223820289
0.224499016,0.147186595,0.099323436,0.150303138
0.226532964,0.164281605,0.261964668,0.250590455
0.136946132,0.080309365,0.151707741,0.119493093
0.092604133,0.11954362,0.176453997,0.215672115
0.070192214,0.093131849,0.196177904,0.153199568
0.100745612,0.114095419,0.007668586,0.141140938
0.114485381,0.071534422,0.11569944,0.149245513
0.205498296,0.111693007,0.151988174,0.10270103
0.116840275,0.148295971,0.095551488,0.14057068
0.115907944,0.153881884,0.286779233,0.266395691
0.150372801,0.154740566,0.134121791,0.10275976
0.146391654,0.206235027,0.298074148,0.139017458
0.124317093,0.128551668,0.024107862,0.087747591
0.118500025,0.034795502,0.144168922,0.09539903
0.238180592,0.028354494,0.204692214,0.116093879
0.078876583,0.145397338,0.135336036,0.083636697
0.122808419,0.181175967,0.088866651,0.182428596
0.213696766,0.178014446,0.29248595,0.120861606
0.107816626,0.204403602,0.038406068,0.150764381
0.208977525,0.259788387,0.253348421,0.15251317
0.140600292,0.189187822,0.242386139,0.069264625
0.313190401,0.102681382,0.218132062,0.159660438
0.179861895,0.130013363,0.079708107,0.185544688
0.185606607,0.160632599,0.209442238,0.219279312
0.222395621,0.094875825,0.141838152,0.208052577
0.223810818,0.205774808,0.227025573,0.22066011
0.16331237,0.177474648,0.14224144,0.190494188
0.221791941,0.267020389,0.163013078,0.194236584
0.260441802,0.155769402,0.049812463,0.224680306
0.234137082,0.050862981,0.176702952,0.229895498
0.213333358,0.299284807,0.123529256,0.239401963
0.114982695,0.139594328,0.196201458,0.198901415
0.147827872,0.150000701,0.031624217,0.060313373
0.13866814,0.075084134,0.198341165,0.125437771
0.146297143,0.111589562,0.128442993,0.202963931
0.179026768,0.130034302,0.07629223,0.153576118
0.167668767,0.175420487,0.241156018,0.068793177
0.154140315,0.173376655,0.215617053,0.099153975
0.173265818,0.14315531,0.173801185,0.189754766
0.138518527,0.174396506,0.230332537,0.169157737
0.116313965,0.192742963,0.225470181,0.170675732
0.246498808,0.148036425,0.179036522,0.150429599
0.135964027,0.102803939,0.052424273,0.227101814
0.224621178,0.112065188,0.211850972,0.175694314
0.172710261,0.15723648,0.213794823,0.201254424
0.111805167,0.145223022,0.180525392,0.201937561
0.162609965,0.14896487,0.1773583,0.147907156
0.106699195,0.18637588,0.195296761,0.086789217
0.195029934,0.252818903,0.178436183,0.165732121
0.095068978,0.194472667,0.19358535,0.158575641
0.191670175,0.19650341,0.241047335,0.200820241
0.068337465,0.140993306,0.040754508,0.115175869
0.140847749,0.15931311,0.078502448,0.081629977
0.158586877,0.146065946,0.128231236,0.118843235
0.179395025,0.178758666,0.188429237,0.079843701
0.18918946,0.231457437,0.239295815,0.185544305
0.186938003,0.231719359,0.193594421,0.148871417
0.228845746,0.113537761,0.186814936,0.096375985
0.168758802,0.103357094,0.117375289,0.114922044
0.160934353,0.200935844,0.161806851,0.121642818
0.209057109,0.152471894,0.227403666,0.073663207
0.294310609,0.109948039,0.199635648,0.054716018
0.148566038,0.117136418,0.169923381,0.213030463
0.088287548,0.141458484,0.046530415,0.259926303
0.168671258,0.216003943,0.241809686,0.111678028
0.195476115,0.239419528,0.094002249,0.277590307
0.244806756,0.116318194,0.275363777,0.084875459
0.165055141,0.077431112,0.175784097,0.16819722
0.207823625,0.108320835,0.23662107,0.222761769
0.078698237,0.154400373,0.19684858,0.155337636
0.263788826,0.09257187,0.086503469,0.246332826
0.171765878,0.092532458,0.17654336,0.111010197
0.134719149,0.141522169,0.203352224,0.152009179
0.123203878,0.166810677,0.218800653,0.125205605
0.160698456,0.097455282,0.139293479,0.15799837
0.11115733,0.119412054,0.051444208,0.207221162
0.159360637,0.097406591,0.185211356,0.191385327
0.075338637,0.100953545,0.282036656,0.182951962
0.173320733,0.212730296,0.137238438,0.044515135
0.200797839,0.135968295,0.040435819,0.161902223
0.179017625,0.308761918,0.293503372,0.196392534
0.305781036,0.226343156,0.178301417,0.12094784
0.152456437,0.099689465,0.180876745,0.111663365
0.146360785,0.14650577,0.134120787,0.157343003
0.188499268,0.129149377,0.226579932,0.074943749
0.089978362,0.134343746,0.028989759,0.108974838
0.155296498,0.231251648,0.196916853,0.118658475
0.19607151,0.207541601,0.089408732,0.112960889
0.206382219,0.115734928,0.288818353,0.200642325
0.095199005,0.225547501,0.243408528,0.119228668
0.252467437,0.164046931,0.284036173,0.144461667
0.196381486,0.159884585,0.23876385,0.150338278
0.163361353,0.157765177,0.156404467,0.153235012
0.221287679,0.159661877,0.275273655,0.053699836
0.092064459,0.119645406,0.258276812,0.153380068
0.205831013,0.22012518,0.079596195,0.133046597
0.185028243,0.143452511,0.124108289,0.077856368
0.197446992,0.176974515,0.190393443,0.101583383
0.216345233,0.181966473,0.230350467,0.040752373
0.174033796,0.117031199,0.162030215,0.111375458
0.153455769,0.161543696,0.279367903,0.219870478
0.325421895,0.051334842,0.18506704,0.170738029
0.181855382,0.112093819,0.161607453,0.031786222
0.185294536,0.164598223,0.076136935,0.176448296
0.112957219,0.178248014,0.072881806,0.067574946
0.230148955,0.166976486,0.28443366,0.140513906
0.119193076,0.122645509,0.25470583,0.08752277
0.353226028,0.09508143,0.203704824,0.119059411
0.187991703,0.146368216,0.175930527,0.213631988
0.227757937,0.277414425,0.104951666,0.260627516
0.217138505,0.076729261,0.250588444,0.092709998
0.134636142,0.179988081,0.390176753,0.253018034
0.266872425,0.091985964,0.154005031,0.07740706
0.287279173,0.112601361,0.168601618,0.050861287
0.256965693,0.130464175,0.194939251,0.143012187
0.262137676,0.233112037,0.20048779,0.079114167
0.283800598,0.087595407,0.165783629,0.192798272
0.29501427,0.265635597,0.253772859,0.162217009
0.071438354,0.23389005,0.069448681,0.173404945
0.18492721,0.090622989,0.184566714,0.065273014
0.233002488,0.074183025,0.291524398,0.150081647
0.054204673,0.222660895,0.176992798,0.123749533
0.226225925,0.136135964,0.046641958,0.135897277
0.1654826,0.134435264,0.132670165,0.192033669
0.343563322,0.215742051,0.224323651,0.101304539
0.250788472,0.192753766,0.211666452,0.231766192
0.166847899,0.118632888,0.19886536,0.100372751
0.168787099,0.096311251,0.210333987,0.080229927
0.284377714,0.168940934,0.064477914,0.276049862
0.221748196,0.160314243,0.1231967,0.128178038
0.151478459,0.160482344,0.180807202,0.284852023
0.316728307,0.076446328,0.238530781,0.103175111
0.186743382,0.146618658,0.17297438,0.067650733
0.104237931,0.191544223,0.128631737,0.064021994
0.23892167,0.090132963,0.17920093,0.134284639
0.212647687,0.249760686,0.116817062,0.097194276
0.076119678,0.126025569,0.073122832,0.115860925
0.194442706,0.081994549,0.21811888,0.122963925
0.211064886,0.21242228,0.233308863,0.090609224
0.154914961,0.233965057,0.218286456,0.158006818
0.196067129,0.22429426,0.103379663,0.168989518
0.189395499,0.107105371,0.168326545,0.155064907
0.218166218,0.086641946,0.200607616,0.08191675
0.158467061,0.117029345,0.203501082,0.087674932
0.071135397,0.154812755,0.17673074,0.199773552
0.146949463,0.150699897,0.097472029,0.132339978
0.059844566,0.166040808,0.136339624,0.167355319
0.229984128,0.214500789,0.227708879,0.184955056
0.137595105,0.182363247,0.273372498,0.199615847
0.180710861,0.219980745,0.245320228,0.206120872
0.328690416,0.158231191,0.280721546,0.220656041
0.237221855,0.109198378,0.12255504,0.14249096
0.113029976,0.122687943,0.153840775,0.150643422
0.271725036,0.117484614,0.148963746,0.24628271
0.236280663,0.182659709,0.242411804,0.140055152
0.16535726,0.146100323,0.231646408,0.170823914
0.103697946,0.211017742,0.193496459,0.120844095
0.117045311,0.125155417,0.213294192,0.124951559
0.186934535,0.173745353,0.248209834,0.161035624
0.039332911,0.19029479,0.186911248,0.140622048
0.102237998,0.218465627,0.273563773,0.088377197
0.277103612,0.049589092,0.291984475,0.174472154
0.046523217,0.118998983,0.197734332,0.114660508
0.206105717,0.173555062,0.201945908,0.176883506
0.143701889,0.124986779,0.163821337,0.086504265
0.147413522,0.047547562,0.213445909,0.148197089
0.216475381,0.179076827,0.124341959,0.150799621
0.287857995,0.15111552,0.146743627,0.155488832
0.295695475,0.157821058,0.238065716,0.198008736
0.116376449,0.228245742,0.250950427,0.191345996
0.139022074,0.241191566,0.205314324,0.163391779
0.284746525,0.214520613,0.170947379,0.168406978
0.122592291,0.16959452,0.212268398,0.129541916
0.142176488,0.201158721,0.18213383,0.238253085
0.100059118,0.144496351,0.114543667,0.183706555
0.190222921,0.226392372,0.167776776,0.186997935
0.135889051,0.144191281,0.218458231,0.083521142
0.187738016,0.154314452,0.183308258,0.138336206
0.156684778,0.237953898,0.316727438,0.144889385
0.340816535,0.038429335,0.180462863,0.142465938
0.227515766,0.214667736,0.099794182,0.182371353
0.18895105,0.15842116,0.249297135,0.245842603
0.138842776,0.111435309,0.214399148,0.141002771
0.248020562,0.16946911,0.144900418,0.180997268
0.058376129,0.089022033,0.116016796,0.145118179
0.152274905,0.152946486,0.121609264,0.15124065
0.140452194,0.212244057,0.290345848,0.186205994
0.296924218,0.185764506,0.147372082,0.144892136
0.187092125,0.245359282,0.234596679,0.09415105
0.14739454,0.180711736,0.282443065,0.180392809
0.222345195,0.221519973,0.296793857,0.118943029
0.175145097,0.076021542,0.204370982,0.231970557
0.117757703,0.126892779,0.19204695,0.18406935
0.183967916,0.153762748,0.144809868,0.148803161
0.194470759,0.210983367,0.275935437,0.199986996
0.202569477,0.124792466,0.232812547,0.224206606
0.18521709,0.137596316,0.123194213,0.194673543
0.218145414,0.159165719,0.246617613,0.194035873
0.324707003,0.17343239,0.123139378,0.081121659
0.113081863,0.275412871,0.197120924,0.236520514
0.175933404,0.280312988,0.1467417,0.285975797
0.246320033,0.24161049,0.254232204,0.263489063
0.104973206,0.104802971,0.141164348,0.029524363
0.193030471,0.107588806,0.296127624,0.088841549
0.305902221,0.163804316,0.29917018,0.110818265
0.138422673,0.131866775,0.202398221,0.057745212
0.22668867,0.071348632,0.301684478,0.170175235
0.1296392,0.16744567,0.297173278,0.119918104
0.35388721,0.173411361,0.258992272,0.102107339
0.25040792,0.22853237,0.213058553,0.157431264
0.283521397,0.208900708,0.174149853,0.148472133
0.212165121,0.135337462,0.129827036,0.100882144
0.207960442,0.188565157,0.25441378,0.130641538
0.281021541,0.079899422,0.239180214,0.07794102
0.213235906,0.075063768,0.160224925,0.096551388
0.187685717,0.193681401,0.192349166,0.115646219
0.231376292,0.227423273,0.293298062,0.162863237
0.308839751,0.125620546,0.15325782,0.149763127
0.241110823,0.115867817,0.130290621,0.07640089
0.157621195,0.157199024,0.265082025,0.105399234
0.229947041,0.243815942,0.247970319,0.161494953
0.175418538,0.062538916,0.288350539,0.172907527
0.197499908,0.156232822,0.084991285,0.244209764
0.146572668,0.184942765,0.126791117,0.257812625
0.233619101,0.1660871,0.126412763,0.225703591
0.063943578,0.172036323,0.333936667,0.171938813
0.186822686,0.183720063,0.17585626,0.245337346
0.245427593,0.097724337,0.164967081,0.168307377
0.048579446,0.180428691,0.200705348,0.261404932
0.141826065,0.238191526,0.135484797,0.229271124
0.161688135,0.197597281,0.130784717,0.214686683
0.168142089,0.112314404,0.078052195,0.180168815
0.172986788,0.152564641,0.272010622,0.06646522
0.11995079,0.185706475,0.235609568,0.184246213
0.105040126,0.118542746,0.324125346,0.100236538
0.159931634,0.098996007,0.152558268,0.236106401
0.231551777,0.154783546,0.257722986,0.258527496
0.30431998,0.177687237,0.365092651,0.032684949
0.267683339,0.225822974,0.303722155,0.102563473
0.080994367,0.171833487,0.255603184,0.179409425
0.146483033,0.23049781,0.243499883,0.173278465
0.147869497,0.131123887,0.182939533,0.162760352
0.172514707,0.070767005,0.153005142,0.048384481
0.199438235,0.145405132,0.202700529,0.05215089
0.16717679,0.084235699,0.199044156,0.122806093
0.241464976,0.104376287,0.331446182,0.157385944
0.175459763,0.065685968,0.106964833,0.145945215
0.156225336,0.160308317,0.098890194,0.10938709
0.1200996,0.180547892,0.149161098,0.097913281
0.21532889,0.174706037,0.225887127,0.144689678
0.196514027,0.122660479,0.257927416,0.130844253
0.079323395,0.107971677,0.326190769,0.145164947
0.036082924,0.138790476,0.231854431,0.219092323
0.178016152,0.145411424,0.177502658,0.190467353
0.144899548,0.207174681,0.111763661,0.22335351
0.165963515,0.162242144,0.108174199,0.13801047
0.181155374,0.174242318,0.156691133,0.127460501
0.170388438,0.130001326,0.232872689,0.185784344
0.15522125,0.16772362,0.128905375,0.20828854
0.132170314,0.24754063,0.172590193,0.092014493
0.19706132,0.275440086,0.179734633,0.186981814
0.12921001,0.118931247,0.16440851,0.137688443
0.068808204,0.12422641,0.1695704,0.052719033
0.268149976,0.163421907,0.085960704,0.055196009
0.159595355,0.056546483,0.272332603,0.090985769
0.132805364,0.127641106,0.262562578,0.07740525
0.307618128,0.118171992,0.18930184,0.117249096
0.106152661,0.077865119,0.227720694,0.146675499
0.136732807,0.17265659,0.281482777,0.152071155
0.121263194,0.231060641,0.247149716,0.145063055
0.219965717,0.208496776,0.165460546,0.152029706
0.134275477,0.141856204,0.148306364,0.176233886
0.123824881,0.113476329,0.125047985,0.284338301
0.126018013,0.116312987,0.128452206,0.165466816
0.202045445,0.275896609,0.194472708,0.253064785
0.172914142,0.223124052,0.261567197,0.125379244
0.180587358,0.198957972,0.082011914,0.074539879
0.249410413,0.148545536,0.223926565,0.092501772
0.100721626,0.070337172,0.234352528,0.062813049
0.09484288,0.194560968,0.323982392,0.080737674
0.193646949,0.172379118,0.10082084,0.253252032
0.27433105,0.21779641,0.09685348,0.283638982
0.081071379,0.212063242,0.119807387,0.139908769
0.13536476,0.12808913,0.140442643,0.213852145
0.192867303,0.17261223,0.231082876,0.258786224
0.083162167,0.076565949,0.138714506,0.111403008
0.283943393,0.199987526,0.217537676,0.201317937
0.172790254,0.121073923,0.193885478,0.152645089
0.047402785,0.043284766,0.228392667,0.150004011
0.223095424,0.078154357,0.194759772,0.056730374
0.157723438,0.203026574,0.160221863,0.165499451
0.19452294,0.133004851,0.223187224,0.137586735
0.166488776,0.159067154,0.180082837,0.139259722
0.170455109,0.231390651,0.119999753,0.055056338
0.298172288,0.26804099,0.236339861,0.086026657
0.155494834,0.17980473,0.07897013,0.131938869
0.179225779,0.189675474,0.247212597,0.140071206
0.196798278,0.246248546,0.258025407,0.1714393
0.100152645,0.277321152,0.061574902,0.134208424
0.234313083,0.15345395,0.108794735,0.143728017
0.229757664,0.236707073,0.2399892,0.19066174
0.170295363,0.168197157,0.230403453,0.117787549
0.279312946,0.077473047,0.054990308,0.189331114
0.194413953,0.156223693,0.129478141,0.133062822
0.343983529,0.115856277,0.246777703,0.085744411
0.147675625,0.181117255,0.208814979,0.117887895
0.265362522,0.110657613,0.109839196,0.166328414
0.125538633,0.148027627,0.180217375,0.239789787
0.2591411,0.129223364,0.244128655,0.04322803
0.151991373,0.183618467,0.222858011,0.225252035
0.062514221,0.126220042,0.220533518,0.089921586
0.332922615,0.192037733,0.194215636,0.153679054
0.151721128,0.138375074,0.075114661,0.08052401
0.164195672,0.143874542,0.211048493,0.154985277
0.182865298,0.181044633,0.147142847,0.170890724
0.231575586,0.098147458,0.098547668,0.185443866
0.156082733,0.150717921,0.203138651,0.177995011
0.25804216,0.076344771,0.181651186,0.134491584
0.178707452,0.201529297,0.101666428,0.111462932
0.227514393,0.179778754,0.124674897,0.172254008
0.136990236,0.250004878,0.253390041,0.088274685
0.326079105,0.120820773,0.217265064,0.209019702
0.109237376,0.110187439,0.106452657,0.15739194
0.11198247,0.174368732,0.113538453,0.1653496
0.083971393,0.138792312,0.126204116,0.109294811
0.208089793,0.075243989,0.124976961,0.206059712
0.232464279,0.182984085,0.075621278,0.127197083
0.312937226,0.129031906,0.312265479,0.123298292
0.20554679,0.064152419,0.290008537,0.235191573
0.131170869,0.208164391,0.073209074,0.229932298
0.216153106,0.245762694,0.187633887,0.081237845
0.160348199,0.063364914,0.092267125,0.059091628
0.204303805,0.126199436,0.07433464,0.060853494
0.14402281,0.083663601,0.191617391,0.123635476
0.185520449,0.218810997,0.248996038,0.196142242
0.181314578,0.18109453,0.187123773,0.216182903
0.208766326,0.284135253,0.119477562,0.192672533
0.139692822,0.194520837,0.11392163,0.223555804
0.131062824,0.196832871,0.325215077,0.235308361
0.269453169,0.108118316,0.210104524,0.104499998
0.16195499,0.202681073,0.260601358,0.106807801
0.189389838,0.245567927,0.241197312,0.225476581
0.149719601,0.104462662,0.09942826,0.098296052
0.165238857,0.092027154,0.109761853,0.1563383
0.270212051,0.11499555,0.117493705,0.112422615
0.066415864,0.242985371,0.26221886,0.10792792
0.138253677,0.203275969,0.266866038,0.142870883
0.071312803,0.330283014,0.090987106,0.205543127
0.06877521,0.208800457,0.165921003,0.134663606
0.200672789,0.095067653,0.170635413,0.134101558
0.267157467,0.142642431,0.279569233,0.099056797
0.146189033,0.231702243,0.173394856,0.156795279
0.078301885,0.090270722,0.069483147,0.099050867
0.174506623,0.128246254,0.238053535,0.054588007
0.126580251,0.043302798,0.110738387,0.106141372
0.221316238,0.117977024,0.101823752,0.074511268
0.133881366,0.179681243,0.244463643,0.100467428
0.133148727,0.259060719,0.107013441,0.194170716
0.194620284,0.164091033,0.140439193,0.177940953
0.155261052,0.169951278,0.141602236,0.174570651
0.190537644,0.213832005,0.234715428,0.141965054
0.167267581,0.208051642,0.106238739,0.09309669
0.139110256,0.192125505,0.228827122,0.123424458
0.156070965,0.189150424,0.064828538,0.230224078
0.13043662,0.103056213,0.180894664,0.109525233
0.11094394,0.057191232,0.176000832,0.150936021
0.241896222,0.113946611,0.189682555,0.073615309
0.196882206,0.20156119,0.269360527,0.093122425
0.134825497,0.220664072,0.167626198,0.099764268
0.161730136,0.211747674,0.268455359,0.185109289
0.079719548,0.087723339,0.24628515,0.168552425
0.203687859,0.273827408,0.270281381,0.076434049
0.16799868,0.058789514,0.036019461,0.137892243
0.156662784,0.214895861,0.11965806,0.031917029
0.210115729,0.102174838,0.209779987,0.107182313
0.070127519,0.125362181,0.173650562,0.206864636
0.078807192,0.053831981,0.198776742,0.141211002
0.148421905,0.249800012,0.052853855,0.244730993
0.183302263,0.101460518,0.284173755,0.199597981
0.190268557,0.108623965,0.082864181,0.180548493
0.124767628,0.152314687,0.200689727,0.145394192
0.171265625,0.131384334,0.102418232,0.232498063
0.154234146,0.070604278,0.2386229,0.130784233
0.079445177,0.152851443,0.164903175,0.070603267
0.047281305,0.090424033,0.296038414,0.10344934
0.098924145,0.104888313,0.162970793,0.145569291
0.072011527,0.158314042,0.134738377,0.151950231
0.286558576,0.215558306,0.101495518,0.062190026
0.146598355,0.087252036,0.296824689,0.075329627
0.222303766,0.256879411,0.102827088,0.1847379
0.043937762,0.11994984,0.056893409,0.107500679
0.104327029,0.184543164,0.171805206,0.145074418
0.092024285,0.139564176,0.070668464,0.205985131
0.148020863,0.221357206,0.137883227,0.183606459
0.213740787,0.192568764,0.152604371,0.148892581
0.221980612,0.039406336,0.193145238,0.211142672
0.135461275,0.224487183,0.240855219,0.175199091
0.183033974,0.191214729,0.178323831,0.194232394
0.188756574,0.171136616,0.055324026,0.190132706
0.278691191,0.07368036,0.199901722,0.084046709
0.15672222,0.105324399,0.222919567,0.100471658
0.138361164,0.061409791,0.284847735,0.173086444
0.146960817,0.093910686,0.092012955,0.184109461
0.058399201,0.079926321,0.088289405,0.088045251
0.149698645,0.087069301,0.093825711,0.119272921
0.115446033,0.101243179,0.146090656,0.166851435
0.199942337,0.092180681,0.244863788,0.160304243
0.074555842,0.082433178,0.252777083,0.289463477
0.167601295,0.251245395,0.074452952,0.123821655
0.147292001,0.163630348,0.311598242,0.096576487
0.157088061,0.140878366,0.140462895,0.18563742
0.064429779,0.100883419,0.163149922,0.212120472
0.191928104,0.14486605,0.073105633,0.090529657
0.183931501,0.107192967,0.17717748,0.037506503
0.205636774,0.234983968,0.280277515,0.159277134
0.163413423,0.210729869,0.147437206,0.11473893
0.084557118,0.12199642,0.152432153,0.172825302
0.314892137,0.205817785,0.13565818,0.142925668
0.297636926,0.234540762,0.03908119,0.10340256
0.188735029,0.15417381,0.165427806,0.216422942
0.078774788,0.162773577,0.102127189,0.155209028
0.164791088,0.189867839,0.281761823,0.235003918
0.175338433,0.09028881,0.13703469,0.125416518
0.158730418,0.147003235,0.15113302,0.097452906
0.094655419,0.175480665,0.268218832,0.172982243
0.120696416,0.176901535,0.121922507,0.164812653
0.163901518,0.11772501,0.137868186,0.198230939
0.060266743,0.18984481,0.167719848,0.110590791
0.167768261,0.06903815,0.118985211,0.101844017
0.184586609,0.210852155,0.130894101,0.040872785
0.178476411,0.14857089,0.227430357,0.155992297
0.053833779,0.239202296,0.277435155,0.137477632
0.109355086,0.193136293,0.119091419,0.111133335
0.195878076,0.221948224,0.085005736,0.127929719
0.196270425,0.112004772,0.116676962,0.092859158
0.02273183,0.231971329,0.142343902,0.134542131
0.111079924,0.215147535,0.271853525,0.222971599
0.128723066,0.166320977,0.138340034,0.124386597
0.193181119,0.207021979,0.062655357,0.136263805
0.217051383,0.071798884,0.25780792,0.124146198
0.2434089,0.188158859,0.143503754,0.171498337
0.308234541,0.246188356,0.159228905,0.196037845
0.186228235,0.123354736,0.117534155,0.081386415
0.120518215,0.223753462,0.115423715,0.113910305
0.127926633,0.129655088,0.199009655,0.115507807
0.112232997,0.1407625,0.101968109,0.200333271
0.124674917,0.099852051,0.162537654,0.076716607
0.176043926,0.173660235,0.127352361,0.114272402
0.130713693,0.185675574,0.182324567,0.088019761
0.172163326,0.142254271,0.183858946,0.123453702
0.164032708,0.165345941,0.19073795,0.111172224
0.105307244,0.211840639,0.209050452,0.114719271
0.22366152,0.078342608,0.198130131,0.158340229
0.106601829,0.188044593,0.130983766,0.074462359
0.184691939,0.134169592,0.15601382,0.139901068
0.207443623,0.120681458,0.190377638,0.120552539
0.1709673,0.183502426,0.200664308,0.138029187
0.277397094,0.141232099,0.129614117,0.179364026
0.208215558,0.178570325,0.190532866,0.168879121
0.31150288,0.138655479,0.146232043,0.159241005
0.246779223,0.276198242,0.137762703,0.130398293
0.188492976,0.076825224,0.310729769,0.170211899
0.115770626,0.122175156,0.120476855,0.206371255
0.252810277,0.12897807,0.160783794,0.104195908
0.199628361,0.154263917,0.209453406,0.130366123
0.215008762,0.135442868,0.094364956,0.267617736
0.185691193,0.165237987,0.149024964,0.097956668
0.075902208,0.253068876,0.169796687,0.29946177
0.19659279,0.066741588,0.298839947,0.144807025
0.203374757,0.125930793,0.222939672,0.184901906
0.188922085,0.056558722,0.183735911,0.220640674
0.182486278,0.218421325,0.143777566,0.083087096
0.083685475,0.189536821,0.126450854,0.055348734
0.137754149,0.117261098,0.222637763,0.072759343
0.142547675,0.027285147,0.167624807,0.152066868
0.042995634,0.143239414,0.187462189,0.053408187
0.137016198,0.120837985,0.219666817,0.260662606
0.142292445,0.126260437,0.257879596,0.172872313
0.214207489,0.188523558,0.241988724,0.146044858
0.163947498,0.080640617,0.196342876,0.210580743
0.14546352,0.104471011,0.31079737,0.154228085
0.091345181,0.147607463,0.196059821,0.24726893
0.179042195,0.135737507,0.227316782,0.062268486
0.208221818,0.102956558,0.272362788,0.172932356
0.134137297,0.204429456,0.201254922,0.030513804
0.148583831,0.187160702,0.153931796,0.061740268
0.119656736,0.118010096,0.16252893,0.16072711
0.066504734,0.177359116,0.149172611,0.129484213
0.159145644,0.248990623,0.188646624,0.24778731
0.149085427,0.220122511,0.118898139,0.101277177
0.263556798,0.06455949,0.25862459,0.099134252
0.065933942,0.04513287,0.283945273,0.083772797
0.130743051,0.127411015,0.096023012,0.109142798
0.077625512,0.154592705,0.158259403,0.161221373
0.079241919,0.052826209,0.13589146,0.109256758
0.135104962,0.11975999,0.190034207,0.103977182
0.066348616,0.18646295,0.175966054,0.179564503
0.138168409,0.21130699,0.122232532,0.202564504
0.173591396,0.206044178,0.182511,0.181686971
0.270372328,0.131962309,0.184045779,0.157726885
0.051420668,0.178376396,0.172986802,0.159014969
0.193670242,0.17031605,0.210931502,0.169688604
0.106358497,0.184731246,0.239387681,0.116379323
0.160594942,0.203184721,0.286365229,0.058240265
0.09117913,0.264810186,0.270848693,0.110226155
0.087287266,0.086475087,0.077878339,0.173334042
0.1472025,0.216431079,0.224733749,0.088655266
0.093754549,0.205024329,0.232887055,0.100186718
0.230577506,0.10877151,0.237665276,0.200858244
0.148915281,0.169814668,0.273945211,0.196374915
0.151403864,0.120430644,0.236798156,0.15689882
0.143444788,0.239410374,0.275863529,0.148201881
0.163773294,0.1907427,0.209913158,0.089740682
0.179298946,0.182352343,0.142220025,0.13923473
0.029651034,0.111157501,0.157616796,0.074181693
0.109884943,0.138126252,0.037169452,0.16002882
0.257675526,0.24540517,0.203928099,0.2023312
0.20109909,0.122388944,0.240985427,0.118127115
0.267212823,0.091374006,0.188121439,0.201661666
0.188316725,0.095121964,0.300529454,0.135469637
0.254213174,0.159205651,0.177480816,0.127230793
0.08280057,0.263503517,0.222535371,0.168312915
0.246673379,0.063882532,0.150443646,0.094634025
0.156512643,0.238760091,0.060109721,0.124192741
0.133426739,0.146832647,0.127009299,0.074091316
0.189918912,0.19869555,0.227683097,0.147955369
0.186767928,0.026790162,0.145505716,0.158777744
0.217269906,0.213906104,0.286634307,0.192207288
0.231468836,0.049635871,0.139463837,0.145100822
0.194208738,0.317558936,0.089830802,0.146153139
0.178265426,0.239313632,0.253738557,0.153684982
0.174716029,0.202784543,0.1756978,0.199379248
0.162185914,0.068450452,0.211563817,0.048679078
0.115159935,0.107478091,0.152585866,0.115466227
0.07974164,0.209239955,0.24287752,0.109506846
0.14192485,0.172023519,0.21219251,0.087564609
0.248275797,0.148867066,0.155255201,0.109605314
0.178436552,0.197551392,0.195247107,0.074726034
0.175018018,0.100735788,0.110187403,0.137327436
0.163596946,0.162339781,0.1592704,0.155256119
0.279403115,0.132708035,0.116024936,0.088288974
0.202700809,0.177220319,0.15138626,0.11782818
0.038078465,0.029001472,0.121640642,0.046373104
0.126495651,0.090796842,0.221941464,0.098956968
0.04173731,0.257288967,0.098386314,0.119077787
0.110170377,0.151523274,0.131117866,0.110639316
0.277760063,0.126904565,0.012047765,0.17043353
0.269668456,0.254776206,0.113463025,0.15123925
0.074898724,0.201090023,0.245701169,0.116353173
0.237816194,0.092763575,0.193115884,0.114923807
0.090417804,0.105344442,0.114136889,0.10166264
0.319949783,0.171048857,0.178428061,0.068948583
0.222416184,0.15590256,0.115753361,0.079636139
0.224487899,0.069683382,0.234152051,0.10554268
0.11404955,0.118833661,0.199234386,0.100166588
0.136199709,0.18689993,0.282508279,0.105436632
0.114920291,0.058678107,0.125414202,0.062148401
0.217305548,0.111859624,0.170405069,0.134422134
0.091723145,0.108870715,0.217730519,0.119329318
0.381463135,0.218972521,0.243502683,0.189467974
0.236961078,0.150552756,0.183460659,0.173669693
0.181815229,0.165400859,0.103324059,0.175426721
0.126000863,0.0511083,0.181772354,0.057413812
0.09320964,0.089784042,0.19641212,0.044798881
0.10082229,0.101138137,0.295788791,0.205561038
0.111137033,0.090610885,0.25801536,0.116978075
0.256205328,0.151295455,0.109943394,0.081432549
0.095263343,0.200158998,0.039678277,0.149679111
0.21267706,0.224215952,0.163004103,0.183913287
0.337715667,0.171426855,0.156046368,0.172501198
0.172403295,0.21640488,0.266609074,0.139211854
0.354677877,0.127310722,0.257607183,0.229279466
0.103988474,0.117733831,0.278894111,0.081079215
0.153714341,0.209538203,0.146969978,0.056752529
0.155529227,0.159862019,0.155656779,0.063779612
0.092965749,0.126985927,0.184236222,0.096748354
0.168185357,0.106157441,0.167978469,0.143918368
0.12939999,0.21312781,0.136845747,0.144962767
0.051204729,0.145451635,0.026420771,0.192171478
0.27195549,0.19559885,0.238567558,0.139754871
0.118168538,0.242094991,0.237513823,0.162422891
0.215907049,0.116941888,0.192188666,0.143508397
0.231861533,0.126406356,0.017650169,0.092436057
0.103252099,0.132068898,0.146453654,0.131193986
0.198843067,0.231341586,0.204185811,0.162885874
0.165450677,0.212082009,0.174126908,0.140457175
0.13202734,0.135906416,0.242887791,0.168854737
0.091894215,0.267634228,0.234386541,0.131584738
0.227449554,0.164811958,0.200774048,0.149345199
0.291320885,0.223989829,0.253586952,0.171263252
0.319094654,0.148963808,0.261664351,0.14028247
0.274985024,0.164952432,0.118426673,0.120130422
0.124430246,0.313672852,0.177357449,0.143063058
0.119269981,0.184209761,0.199688313,0.064756887
0.135134,0.230726609,0.206070513,0.086904352
0.144164796,0.239188667,0.10150822,0.148767763
0.210318101,0.163122184,0.109160724,0.106768332
0.179788295,0.300396561,0.160728846,0.112090464
0.190390236,0.243393616,0.194657303,0.092722667
0.282531913,0.142264446,0.169929596,0.056489591
0.212603416,0.218083629,0.179343482,0.151612702
0.114172787,0.210835752,0.128421276,0.102873273
0.223172248,0.150258944,0.133221869,0.081292148
0.098907479,0.06706845,0.239978308,0.127182122
0.189150645,0.144180344,0.118766352,0.186039236
0.118648395,0.102014557,0.178957459,0.146316597
0.231284439,0.095375354,0.196391126,0.136320311
0.169850288,0.133717172,0.179209843,0.153640957
0.135741289,0.158840095,0.201244184,0.151620158
0.097050176,0.200089732,0.142368535,0.073756561
0.133826794,0.148119176,0.102959282,0.103390899
0.183905554,0.170483974,0.225733,0.188760815
0.12420451,0.101456829,0.190226082,0.049993849
0.173031898,0.061647365,0.341677267,0.243478439
0.260242132,0.147008427,0.117300821,0.154263515
0.153842485,0.077483503,0.158129447,0.114088039
0.115076914,0.21268743,0.211019168,0.184970049
0.162521132,0.128161408,0.200993979,0.190399735
0.231962706,0.184038161,0.134559658,0.17422976
0.2896946,0.208283542,0.137534397,0.237545745
0.241682193,0.151946857,0.145250825,0.074314301
0.413291424,0.174587161,0.168112019,0.189980193
0.131619235,0.158626373,0.091365018,0.126222767
0.211117364,0.218883651,0.151103657,0.114390702
0.151232459,0.149396396,0.133498817,0.140680167
0.202147464,0.14270202,0.168343586,0.172899616
0.28307667,0.121338839,0.145694093,0.140125438
0.109551226,0.245441362,0.10774374,0.165367347
0.160658033,0.169427551,0.177870761,0.109391786
0.111898733,0.154592459,0.145440246,0.123273305
0.212757294,0.129070354,0.29081795,0.251257689
0.122239132,0.213525175,0.2977913,0.177191948
0.157603764,0.178821422,0.163702499,0.115491199
0.200744976,0.168014822,0.181299203,0.110299652
0.063631055,0.062441622,0.235497095,0.185154687
0.197952193,0.219803909,0.184000087,0.231624946
0.240234776,0.092388695,0.201984682,0.162196943
0.142807538,0.066056469,0.22443716,0.228039898
0.238808304,0.09694989,0.154875752,0.226382772
0.137575788,0.135415368,0.227174499,0.080067774
0.143991125,0.108372147,0.156216153,0.108030795
0.260835601,0.219708876,0.25601122,0.131929591
0.199743386,0.162467636,0.214341276,0.094701242
0.084897754,0.097358228,0.218756465,0.085748636
0.150541748,0.098624173,0.344897067,0.113704982
0.107233143,0.143840192,0.179240561,0.086576779
0.203051091,0.194473674,0.28318416,0.118353932
0.191176116,0.290855107,0.230982136,0.18150304
0.11782713,0.188175378,0.123249293,0.145297175
0.320661935,0.174270198,0.17253401,0.171956831
0.212886718,0.154450167,0.12996144,0.165536051
0.127061664,0.087932807,0.238741623,0.216677121
0.269406865,0.066173834,0.218306956,0.109309395
0.130809427,0.082128623,0.115776338,0.129905018
0.188031771,0.137649664,0.156743721,0.036097421
0.170152488,0.163598648,0.085124498,0.077203881
0.077952517,0.129251867,0.150599852,0.147188761
0.378835167,0.197982248,0.269597169,0.049280323
0.131036366,0.263251146,0.152766072,0.116796849
0.120434512,0.129966731,0.202368697,0.106592105
0.206818016,0.135993728,0.274157627,0.199696534
0.270285295,0.188353861,0.235242996,0.197439467
0.118383929,0.101827051,0.085758032,0.151320224
0.077215008,0.190138935,0.156692066,0.137333811
0.163627149,0.123542914,0.110230621,0.180354434
0.191056319,0.073882528,0.089228913,0.165320858
0.256449249,0.202348062,0.1308959,0.222010724
0.193167815,0.18729737,0.145854664,0.186471037
0.261431073,0.242874065,0.155352619,0.107090837
0.165153991,0.138782115,0.20164126,0.071264342
0.278938631,0.133380882,0.24119992,0.142453603
0.071384293,0.149044155,0.268784586,0.172137408
0.153583486,0.137017471,0.134205242,0.115327716
0.291653429,0.186472528,0.076685432,0.162067933
0.106188362,0.095760013,0.131503138,0.168488257
0.078232389,0.145822363,0.168201343,0.177975459
0.342822435,0.223142024,0.192258939,0.10316242
0.107464428,0.088164261,0.128299937,0.17566647
0.363686243,0.142852826,0.226080329,0.119531022
0.104345261,0.21779978,0.263873101,0.206921018
0.379807299,0.312920325,0.203138437,0.181240838
0.097429188,0.178118066,0.200773568,0.116289408
0.141813589,0.138027707,0.11642304,0.134984138
0.31229027,0.139198027,0.156779038,0.158720971
0.173211214,0.181316222,0.139139741,0.086421596
0.2696451,0.132669645,0.245575542,0.115828697
0.102360292,0.093116255,0.18015753,0.135171496
0.050490938,0.124324317,0.071575299,0.164711529
0.222217854,0.244749272,0.381267125,0.099077245
0.171228429,0.250097449,0.163447727,0.138088691
0.235558771,0.222040838,0.167110736,0.103646323
0.129728701,0.143795849,0.125156275,0.224618895
0.103968055,0.163839037,0.209821259,0.092575881
0.091536111,0.102088533,0.247836519,0.122451572
0.128533255,0.19851621,0.119429481,0.12685917
0.167385727,0.067764755,0.106600922,0.098787917
0.200543799,0.247393149,0.216623295,0.097983224
0.118247714,0.153444268,0.156232881,0.130979557
0.17012711,0.178885642,0.08656173,0.175275659
0.20928754,0.171157076,0.151552379,0.088386859
0.161025099,0.206227364,0.249429421,0.195023852
0.258985136,0.16173141,0.085669643,0.2662098
0.281361687,0.253012552,0.240605371,0.071517732
0.338330998,0.119692855,0.192251473,0.135469301
0.325431553,0.28810162,0.306281659,0.155528862
0.304388326,0.144731252,0.269501206,0.150086329
0.202581789,0.252418797,0.269144169,0.090833859
0.329236781,0.425205723,0.077225916,0.181771339
0.164051788,0.133041193,0.122704176,0.127146883
0.260749025,0.146045499,0.253498335,0.178336918
0.179173108,0.160192985,0.160696691,0.182524049
0.325789365,0.07011963,0.118551465,0.171827051
0.210260665,0.129322728,0.172162142,0.143674124
0.13252011,0.086161115,0.226920688,0.094582984
0.271412866,0.200888764,0.154520711,0.094034561
0.130934089,0.238203655,0.279347538,0.175365589
0.089548343,0.16807413,0.221168454,0.143516705
0.198587708,0.163777805,0.088903679,0.069417964
0.073628652,0.127666021,0.185510461,0.144091429
0.115502651,0.139890505,0.18470274,0.042355787
0.192764382,0.191375061,0.213544307,0.160332402
0.263712707,0.028709225,0.162921846,0.188889328
0.184979066,0.139167995,0.177622466,0.189315749
0.156829203,0.160510694,0.214094521,0.12492758
0.268208436,0.16575918,0.263217653,0.154664516
0.156690446,0.162378938,0.172275401,0.180535592
0.142117069,0.078091153,0.216351011,0.150364797
0.241061844,0.21657638,0.161491951,0.198080126
0.172145554,0.088489389,0.05700997,0.079643199
0.043204578,0.178491222,0.170384858,0.131006092
0.323919796,0.112579506,0.090136061,0.083472065
0.087598932,0.220422512,0.101129453,0.12847928
0.108861915,0.146656903,0.182964108,0.189946252
0.122650456,0.113305053,0.13752238,0.074306364
0.143461862,0.12502069,0.092692576,0.202687368
0.086627963,0.211602678,0.162967884,0.164374832
0.212646915,0.141119609,0.263908158,0.129544777
0.13265829,0.195495986,0.217847899,0.156605361
0.18575184,0.123881841,0.212322894,0.17101972
0.146545501,0.061954162,0.233879833,0.203958731
0.167193545,0.189931421,0.266733786,0.159838765
0.304400582,0.135307897,0.282804185,0.2024925
0.240483289,0.190678533,0.132867578,0.091633648
0.180188919,0.17371271,0.198108887,0.208450221
0.181691905,0.139097338,0.264475885,0.147768822
0.167731877,0.160510675,0.10218742,0.132016038
0.147265659,0.168756859,0.240380813,0.120481865
0.136747921,0.232768262,0.167163834,0.220390278
0.067312154,0.278396175,0.171032596,0.130664291
0.151074326,0.248599609,0.131502452,0.12512212
0.272399943,0.068421779,0.222941457,0.151772061
0.163805271,0.091567876,0.257275311,0.09793598
0.123810838,0.136796659,0.228515057,0.158210241
0.079622962,0.138180339,0.209444295,0.083333805
0.163515431,0.12834434,0.303805918,0.069905353
0.053604157,0.105042833,0.131833708,0.104775689
0.277904981,0.314852725,0.06807207,0.132505025
0.295160707,0.171953267,0.125242199,0.110385374
0.160010912,0.108517529,0.151177772,0.117047569
0.106162212,0.231618226,0.235376987,0.160586318
0.119755183,0.270473514,0.134618972,0.144869734
0.121987933,0.200165353,0.192600292,0.16691913
0.192616912,0.143141747,0.160596486,0.062037091
0.069912283,0.15939741,0.196963812,0.088851971
0.137479407,0.126586655,0.102310157,0.063124265
0.131047498,0.167335055,0.135948397,0.095343326
0.159006223,0.031068272,0.141792853,0.118213731
0.148760642,0.136782084,0.230598664,0.142556467
0.072728856,0.132235474,0.360921631,0.114727126
0.202581045,0.144617621,0.210525623,0.080652388
0.083053549,0.11141033,0.128363386,0.12883439
0.231798192,0.124317369,0.085947305,0.211272359
0.22306873,0.28144424,0.143497551,0.138406222
0.08540199,0.226140963,0.156786451,0.173259809
0.21777367,0.218889953,0.285392991,0.185692075
0.060604588,0.225313778,0.132863004,0.149844976
0.098286626,0.248807381,0.193573705,0.160437991
0.269184101,0.093853091,0.096376643,0.124926111
0.242554228,0.149546048,0.10908178,0.0754779
0.217626411,0.189123216,0.191775355,0.183192592
0.188124832,0.169724696,0.120112772,0.068832947
0.197958281,0.341218802,0.202708774,0.088059409
0.229699186,0.232980132,0.105180703,0.070143972
0.202122541,0.110698193,0.190853513,0.066089483
0.06994289,0.14175023,0.090101671,0.087955693
0.13737369,0.085739063,0.220404343,0.132686686
0.22576226,0.123812519,0.132595753,0.098364548
0.190252715,0.223350727,0.138678009,0.097048123
0.172843714,0.113306975,0.180866675,0.138787446
0.078920712,0.157723612,0.180160016,0.184092833
0.128617974,0.080632845,0.225171219,0.144185457
0.233560681,0.122711478,0.228898032,0.176048413
0.054995177,0.48547714,0.046524037,0.05627591
0.204267917,0.264533523,0.154034151,0.098860929
0.135686854,0.323464753,0.21741118,0.051229803
0.095640263,0.483730288,0.280182713,0.092619084
0.252811795,0.278767369,0.174751488,0.102455595
0.244469935,0.168702081,0.188703738,0.124007993
0.117084591,0.278370123,0.200581452,0.185894361
0.240085955,0.332450546,0.274152428,0.179389148
0.097514194,0.455909382,0.2389778,0.109925665
0.231212722,0.252654244,0.208706101,0.16101546
0.132632547,0.095227721,0.153416713,0.091758843
0.108919606,0.064532187,0.157923648,0.073536296
0.163928032,0.258974351,0.1309963,0.061432648
0.254453799,0.273649821,0.23039518,0.101007182
0.204188409,0.069371502,0.134908482,0.109217761
0.261546818,0.212475214,0.365550214,0.157417963
0.158832059,0.156720994,0.219446566,0.128494631
0.115240212,0.185966175,0.277098727,0.099652577
0.243936747,0.211602789,0.244458514,0.175167815
0.2593506,0.320718489,0.2541023,0.11410909
0.092424692,0.402621994,0.205658525,0.187633846
0.134159864,0.387504245,0.103440338,0.200077407
0.298937968,0.389981613,0.07685858,0.160747463
0.32206438,0.535937513,0.145080077,0.114285855
0.369704661,0.338565452,0.161716675,0.065473659
0.345065913,0.391900253,0.104958363,0.22674792
0.25251424,0.184489313,0.245773134,0.16772424
0.152003578,0.523082443,0.241523083,0.097210905
0.181770744,0.107796297,0.140887144,0.142761279
0.200081459,0.185250907,0.145579514,0.142116756
0.107966903,0.199733873,0.133246214,0.031902792
0.194497237,0.180065744,0.248841991,0.077757194
0.272474917,0.110200562,0.090724236,0.095919774
0.214023312,0.120623346,0.208770431,0.168455036
0.13957237,0.144060939,0.19837995,0.137119627
0.278811818,0.448136232,0.27672969,0.105332398
0.177143916,0.233702234,0.123912463,0.253472687
0.082272219,0.351412913,0.157937042,0.179623453
0.222469325,0.330966565,0.134077566,0.055602534
0.054500055,0.215557243,0.198121772,0.140582041
0.202952371,0.105727283,0.147064317,0.073010379
0.072446448,0.158204721,0.182457337,0.144052583
0.115813448,0.149430535,0.258152142,0.13842279
0.113001596,0.184088313,0.232087333,0.111941377
0.122051009,0.173701712,0.121221227,0.119092861
0.235448434,0.110722261,0.216144987,0.152812809
0.234230478,0.212731867,0.178639325,0.076955423
0.173949334,0.195822004,0.219072362,0.11790324
0.235666553,0.234317497,0.154650592,0.159202378
0.236978539,0.135568266,0.202412445,0.049889954
0.174773224,0.186050273,0.085686108,0.12389719
0.067833572,0.112006582,0.134436696,0.0524378
0.228294925,0.157694689,0.2268344,0.101792898
0.120046378,0.103865476,0.203019855,0.040669425
0.133433258,0.116787273,0.253670542,0.186209314
0.133204783,0.189755208,0.230342478,0.065025252
0.147393112,0.146411332,0.229681128,0.19358402
0.077562283,0.209403847,0.324580345,0.162336816
0.133554986,0.081636592,0.155638024,0.115133098
0.157301426,0.25091503,0.129457352,0.135480354
0.131999692,0.112240703,0.25549459,0.135210811
0.171892715,0.163743033,0.124796973,0.104438638
0.152118389,0.245294254,0.376428629,0.088794341
0.167531911,0.22913035,0.217478773,0.095862269
0.223475278,0.098105402,0.122158453,0.203531065
0.139536072,0.181772776,0.154254892,0.185136496
0.184985423,0.138453445,0.077995579,0.155100106
0.115759745,0.122083022,0.230042896,0.181659493
0.156399118,0.322967486,0.202319483,0.190457729
0.176420734,0.145425497,0.17026721,0.232015356
0.110536822,0.084428548,0.258664375,0.158378231
0.083206311,0.150782474,0.185485687,0.224379228
0.153848287,0.126227789,0.209775698,0.208473459
0.217052121,0.154249855,0.142570677,0.157377234
0.03862592,0.170557913,0.238662241,0.264978124
0.18347337,0.104161841,0.194157238,0.133123684
0.137998965,0.134938204,0.274865687,0.099662786
0.083882684,0.256865466,0.117195877,0.078220201
0.11220144,0.035062327,0.151698833,0.098492188
0.240226282,0.183926152,0.165682033,0.07337914
0.225371999,0.116350698,0.216907552,0.043945023
0.195539414,0.110813109,0.280266931,0.163770913
0.241363519,0.183278742,0.241592576,0.170909469
0.196249025,0.215603211,0.079922412,0.048363993
0.086143034,0.149359461,0.235676886,0.120051144
0.15964334,0.057145049,0.184270584,0.227791831
0.102687225,0.085027192,0.203636116,0.227197499
0.152220119,0.143010756,0.139034875,0.18411885
0.151553265,0.193006163,0.208881991,0.147632749
0.177174265,0.18690886,0.168613635,0.09049303
0.139019864,0.054614631,0.147250275,0.108722011
0.167236412,0.069080538,0.203064233,0.22837207
0.04020718,0.202236636,0.154449543,0.1530115
0.22333504,0.063602587,0.211558423,0.123983668
0.0933964,0.132024525,0.222197433,0.243134913
0.148171348,0.202216424,0.307968414,0.132837728
0.206772675,0.11127382,0.12887762,0.148598754
0.111367423,0.165307576,0.191954299,0.187836256
0.245061119,0.21689421,0.259267747,0.184476224
0.230582641,0.218770355,0.272432292,0.086177587
0.144011333,0.144901923,0.185546604,0.105861159
0.22545273,0.129540691,0.259331764,0.109482438
0.293023924,0.1699508,0.214828487,0.158721008
0.210366112,0.065176937,0.16769757,0.203377866
0.20087546,0.062250004,0.211280884,0.149530625
0.1919716,0.112360416,0.162134045,0.049686093
0.189588826,0.166960842,0.248130016,0.153705081
0.284297597,0.075438599,0.175852393,0.165601591
0.219706508,0.144721574,0.248911678,0.065046849
0.209732286,0.16293797,0.310583982,0.1502869
0.220030055,0.213583796,0.134559297,0.125264449
0.300455024,0.174295174,0.316237227,0.088776091
0.131857785,0.192782547,0.260293602,0.097280597
0.146359189,0.096126222,0.050030637,0.11257772
0.141931627,0.154152293,0.071079476,0.14760391
0.24689288,0.119118656,0.330913348,0.155817295
0.169534455,0.145921888,0.257082914,0.218359026
0.199299113,0.160261279,0.268435415,0.130118522
0.18252833,0.25844968,0.200217085,0.165874678
0.117280902,0.161396954,0.231857464,0.106777439
0.160907461,0.100114117,0.196172389,0.034481726
0.232327312,0.129212495,0.187899736,0.814546582
0.116186388,0.11540383,0.207943093,0.792647407
0.084418777,0.12210066,0.11115157,0.131742905
0.11055845,0.214399194,0.254740957,0.133790275
0.220642359,0.155778587,0.24866135,0.841971613
0.138400199,0.089199408,0.186373675,0.247665049
0.258533061,0.112376468,0.161355745,0.747488891
0.161797363,0.154510374,0.263271964,0.080605808
0.140560603,0.29841338,0.193271626,0.089778369
0.085383236,0.155940321,0.229764373,0.194250763
0.142485487,0.137020534,0.103704984,0.130934027
0.098575794,0.106608832,0.191317769,0.236242955
0.191002902,0.13151264,0.249602137,0.033113009
0.159494573,0.074747671,0.236686324,0.056105213
0.114310854,0.243485672,0.203622434,0.112767323
0.200080872,0.159609376,0.122252839,0.101340949
0.160744159,0.123032707,0.280081212,0.163834294
0.287926547,0.060343225,0.132665258,0.135491857
0.077888859,0.209507519,0.218625992,0.237812762
0.11169337,0.152062736,0.277034035,0.108452574
0.214944891,0.233297244,0.233292918,0.112174052
0.109127717,0.159036202,0.309673708,0.14062541
0.126105639,0.182795252,0.213132139,0.089190872
0.114088719,0.239440226,0.321748227,0.130536485
0.217368122,0.174980445,0.20031695,0.172668876
0.06975896,0.186886263,0.263876866,0.218614886
0.25477093,0.255077565,0.115035573,0.197929196
0.167568837,0.229356534,0.185522789,0.124515713
0.11948308,0.094471929,0.231368674,0.092384654
0.086690109,0.237424888,0.164772507,0.082850353
0.106683896,0.142401024,0.138502294,0.097509094
0.15279589,0.229605563,0.092930357,0.067503743
0.179106831,0.102122028,0.235241765,0.028041274
0.048452717,0.237060718,0.186711973,0.144668486
0.173927472,0.219933036,0.293262816,0.150328661
0.12084229,0.056249507,0.172827311,0.115294444
0.183136275,0.086447498,0.308815862,0.173573905
0.115322435,0.171509894,0.262692861,0.130751018
0.368314583,0.169451197,0.160167577,0.141906328
0.11222121,0.156028394,0.167056975,0.078336766
0.222006066,0.166262356,0.1051907,0.052581026
0.089963604,0.227491351,0.269888973,0.080605229
0.187043504,0.180714235,0.068782896,0.123161126
0.211325718,0.1136202,0.178151719,0.137986974
0.195583775,0.22054999,0.195310007,0.190930622
0.17638378,0.081947987,0.16114642,0.10980968
0.153544665,0.201253256,0.193267677,0.12003915
0.200227116,0.173726555,0.085688452,0.231838564
0.113715432,0.250704,0.209429242,0.122017978
0.131381866,0.08391951,0.183668164,0.109847376
0.161451074,0.08272063,0.204349914,0.118425868
0.127509806,0.095187241,0.145403114,0.192956982
0.025089956,0.140778956,0.175585287,0.186877897
0.245926277,0.201628077,0.187051507,0.123519847
0.136596666,0.224372138,0.098718195,0.276251209
0.173612948,0.251975342,0.121918036,0.147852452
0.136012877,0.187717019,0.160361037,0.198302361
0.221535851,0.175181876,0.192453906,0.160689657
0.179329025,0.184709097,0.210981965,0.185481697
0.141309578,0.184987864,0.099652327,0.053291256
0.111476403,0.154869999,0.058526626,0.059015808
0.13882069,0.08360562,0.024092166,0.131028507
0.192893578,0.192215684,0.151943222,0.186132456
0.228122647,0.16519994,0.242700445,0.084274165
0.065935236,0.114793539,0.114440894,0.113353841
0.132298943,0.083711503,0.171835175,0.141646757
0.263111927,0.201151791,0.166480473,0.13002379
0.077750416,0.122252359,0.190808319,0.223904882
0.150130806,0.21452608,0.197545582,0.144368215
0.071389653,0.030891512,0.15573734,0.152430973
0.040642344,0.169893926,0.052827646,0.190682422
0.11203655,0.100610132,0.160933086,0.278063978
0.177353938,0.146225291,0.287499449,0.224760164
0.119532692,0.11832512,0.071536802,0.189730148
0.237005682,0.180320737,0.218894702,0.201151406
0.296298571,0.163255922,0.158743073,0.200577381
0.126958183,0.135861104,0.220992669,0.2055628
0.16278524,0.140770263,0.181423034,0.226563934
0.208865357,0.164061023,0.238449793,0.222521927
0.140779772,0.124856647,0.216671945,0.166225847
0.089151645,0.139193208,0.057087915,0.18713338
0.165409884,0.216357258,0.356314942,0.255917385
0.103504519,0.12165555,0.114526417,0.236622879
0.180301637,0.188038362,0.251180812,0.200488554
0.246039636,0.228643152,0.178591832,0.15641577
0.313560631,0.11357222,0.117656274,0.127588331
0.206709191,0.20766288,0.080443604,0.250530636
0.181496714,0.18473724,0.175813134,0.193038518
0.155009108,0.138120379,0.28203004,0.203251454
0.101414596,0.11318619,0.170634127,0.083905201
0.084480253,0.083724802,0.16804319,0.131732284
0.225960545,0.100422973,0.100597683,0.095525592
0.186196719,0.168555349,0.145497439,0.138886673
0.198125008,0.145691139,0.224214161,0.156466794
0.2071721,0.176883701,0.128820541,0.156777233
0.317502297,0.205054095,0.048853964,0.137375326
0.247188843,0.156388651,0.131110721,0.187632769
0.317472434,0.188531816,0.195275682,0.25769979
0.123323665,0.218774732,0.092316774,0.189036757
0.108338705,0.203544632,0.126113914,0.12299702
0.116685906,0.143311654,0.133338212,0.169156704
0.186018172,0.146545048,0.20270048,0.172282395
0.123052228,0.171615352,0.191084968,0.115637269
0.134171264,0.13942643,0.291124544,0.247986514
0.200850854,0.108530506,0.229282165,0.07777894
0.104830343,0.209462071,0.172480545,0.134716799
0.216775404,0.198240352,0.295236514,0.098462843
0.128748914,0.157941336,0.196569227,0.196155439
0.152022999,0.194024705,0.241999995,0.143773871
0.069556975,0.113884002,0.137936971,0.107906427
0.133283204,0.171549315,0.083515352,0.181789208
0.148044939,0.127516889,0.275681778,0.068020967
0.095687763,0.140221596,0.248838933,0.207455174
0.220540097,0.189350632,0.212560834,0.131098415
0.203401464,0.182709129,0.168608093,0.141394984
0.108355679,0.136826585,0.104764713,0.111032538
0.147259787,0.209114246,0.128494917,0.109540016
0.172765199,0.183909532,0.110202062,0.209694768
0.301556711,0.227043186,0.143056483,0.073962657
0.194767933,0.06622785,0.068615117,0.099612365
0.089760707,0.174753121,0.197307505,0.125739277
0.240780945,0.088020482,0.349634347,0.126715933
0.191182079,0.243434252,0.138612043,0.019008575
0.202655585,0.194773206,0.111855873,0.136864533
0.203670939,0.141905185,0.218839246,0.149422181
0.21419624,0.238682997,0.106544103,0.127791394
0.09788125,0.226963608,0.114512502,0.139840768
0.211411742,0.311857763,0.096858415,0.212271118
0.18403766,0.063563145,0.219279543,0.239926075
0.162317811,0.056244357,0.112656424,0.101151086
0.137470332,0.142680028,0.191279858,0.159209707
0.168878662,0.234780113,0.16411081,0.196802719
0.084036094,0.147519882,0.28913396,0.208869105
0.219255162,0.219294039,0.251480058,0.169291073
0.193285345,0.04975788,0.200782722,0.166008715
0.174135369,0.161411343,0.123102024,0.13601082
0.182507087,0.096947126,0.136055312,0.134315132
0.172740047,0.237603693,0.173700418,0.144626827
0.207042566,0.234655123,0.154951667,0.181239785
0.195571758,0.126505218,0.119020671,0.151026908
0.14314444,0.094538057,0.121636,0.196651437
0.120189244,0.1405808,0.247078952,0.171174426
0.081084264,0.064763202,0.226605813,0.182890485
0.229978739,0.038098796,0.172251761,0.143496267
0.256094657,0.132400578,0.307164576,0.114691702
0.346596753,0.148395122,0.210810411,0.037050804
0.279970387,0.100716577,0.275106974,0.124508843
0.10130814,0.113509288,0.263012667,0.157097661
0.198739275,0.104467647,0.256712652,0.144738714
0.0850126,0.166797392,0.086693254,0.113301232
0.088168599,0.158807536,0.115974457,0.138858048
0.288848421,0.200579035,0.246704393,0.043418524
0.206030545,0.190154597,0.115572396,0.088232404
0.326315605,0.239488611,0.149042763,0.677982577
0.258880426,0.148706539,0.254918021,0.089326576
0.215636895,0.233199055,0.221628984,0.094443701
0.266085467,0.169789575,0.219804488,0.076339268
0.189447779,0.122895716,0.249868324,0.757503003
0.285245844,0.13069546,0.108355454,0.74545121
0.067139999,0.102367023,0.218303735,0.164346767
0.157437357,0.083789992,0.348980359,0.149200817
0.148360356,0.224532835,0.077426139,0.21411551
0.256948102,0.11339234,0.267600092,0.102109831
0.233927142,0.147369447,0.188981489,0.038584843
0.216692831,0.215407212,0.197952638,0.066671956
0.301551727,0.219973964,0.158230713,0.114092529
0.241092235,0.144688839,0.318613282,0.173792871
0.065940464,0.164488637,0.311269687,0.138588231
0.138046422,0.185290953,0.101386279,0.222437843
0.16402666,0.066894615,0.07229701,0.056149156
0.308494241,0.131260988,0.24042917,0.049516908
0.151874866,0.094790759,0.178203934,0.064929739
0.176513665,0.256436298,0.208555835,0.140248713
0.201666951,0.134296615,0.255954955,0.147258304
0.21068988,0.114855226,0.092683957,0.099574555
0.157814327,0.132882231,0.129454662,0.104474941
0.133289187,0.020514098,0.18386418,0.077172469
0.155047503,0.181842537,0.181239148,0.031402203
0.332360764,0.110164326,0.362084789,0.160033875
0.066297159,0.146800271,0.299388602,0.172440756
0.052064412,0.105890632,0.27260452,0.19674726
0.164113001,0.11044229,0.201271619,0.18670298
0.211198013,0.235220765,0.174955116,0.06732656
0.284959798,0.201988797,0.208029818,0.18973013
0.095820872,0.163896732,0.269747203,0.121524157
0.247230748,0.229701809,0.136072407,0.242602829
0.296039435,0.181358337,0.178602135,0.164522963
0.173181258,0.130639555,0.070489152,0.155537234
0.239887122,0.117552645,0.230815083,0.14574953
0.113685694,0.137089068,0.174404771,0.064637365
0.159533443,0.184069638,0.270469783,0.095245794
0.16156715,0.233864569,0.199899148,0.063531436
0.145054174,0.223898298,0.133136066,0.138951019
0.249283119,0.221996376,0.09151018,0.109311611
0.120333108,0.182592002,0.244297008,0.151208371
0.223453604,0.208764639,0.123489295,0.166744941
0.238960922,0.174227557,0.297520735,0.125104493
0.174011558,0.187817302,0.267580694,0.133405651
0.111687119,0.251104002,0.197590814,0.159488195
0.161521775,0.077900261,0.179669669,0.055713111
0.135037385,0.222831407,0.18373439,0.062100785
0.179145581,0.159458555,0.094334764,0.074996505
0.156421345,0.182103265,0.072599586,0.150090818
0.222848317,0.145349986,0.233080685,0.157662219
0.30351499,0.211663971,0.217130193,0.187801701
0.120333041,0.184059165,0.146212258,0.105115427
0.243227688,0.08578219,0.138133053,0.219514507
0.107533136,0.13748791,0.212135441,0.228704972
0.254058499,0.237259292,0.122181994,0.145006143
0.1965428,0.084980569,0.155084997,0.152235311
0.144553101,0.11783105,0.12386887,0.054701083
0.143720053,0.12752159,0.170504507,0.150863
0.207757791,0.139104473,0.184124517,0.042644636
0.106658755,0.120263813,0.131030982,0.182095424
0.097654728,0.13519453,0.118344643,0.130396967
0.193451967,0.102074449,0.14416811,0.198146745
0.131239729,0.097583414,0.166914929,0.225107203
0.106460583,0.062316012,0.206855651,0.142120802
0.178518188,0.189573066,0.186449305,0.861084601
0.155751718,0.075657916,0.266982222,0.0348534
0.107189577,0.167868856,0.065581758,0.173115524
0.165946885,0.138643326,0.250678458,0.152944005
0.277667611,0.086401006,0.05168433,0.154431382
0.180881207,0.114011779,0.264010975,0.112376593
0.157853322,0.100737225,0.201065937,0.125374734
0.059393887,0.188893669,0.209590667,0.152291852
0.175450611,0.176505875,0.226996623,0.083118671
0.186409324,0.12282276,0.230354387,0.14050238
0.257432567,0.061224617,0.191060216,0.109770065
0.117705966,0.11616655,0.167159725,0.159979544
0.164372238,0.159721504,0.132021244,0.182510456
0.235387252,0.18855837,0.283148405,0.054094852
0.116980597,0.041710433,0.20979519,0.085465583
0.190068372,0.106020649,0.209389419,0.125969225
0.169252976,0.149543327,0.239958921,0.14046523
0.192919057,0.168702374,0.237263326,0.173861904
0.201293886,0.114215549,0.181935611,0.213446502
0.128659331,0.168717293,0.332374048,0.119242989
0.13530828,0.225681453,0.255389698,0.124422407
0.10931753,0.10955092,0.27341379,0.057613973
0.068622,0.18914801,0.198566921,0.088205691
0.180006438,0.218798211,0.293855857,0.162748784
0.163584353,0.185020749,0.239646512,0.076797008
0.260255173,0.209295127,0.25678748,0.169136274
0.184360215,0.079229103,0.285837729,0.235672691
0.146618837,0.158599811,0.107181771,0.163373541
0.1506107,0.103432201,0.223853354,0.137060455
0.192262115,0.207702602,0.115339276,0.22474691
0.229864929,0.297285188,0.175433366,0.208813799
0.210602057,0.099090667,0.166294971,0.103873176
0.084681967,0.196229841,0.229511817,0.184038069
0.103668351,0.143679498,0.30087495,0.133779495
0.138627039,0.163353111,0.190177827,0.139784527
0.214754272,0.14286095,0.20445913,0.152902746
0.119766436,0.203146125,0.266579955,0.069234044
0.16454769,0.198873002,0.12741066,0.120347482
0.197649361,0.156662134,0.113198939,0.125770537
0.279252065,0.098554103,0.187757823,0.246905103
0.14737553,0.232880387,0.21093429,0.064855451
0.04626622,0.107334715,0.095898542,0.058815471
0.123127699,0.222396273,0.238740174,0.154128753
0.241600575,0.15358726,0.168516818,0.13408439
0.137184566,0.050374688,0.085698617,0.162737931
0.227764227,0.189973964,0.294422986,0.089822431
0.22997778,0.232530956,0.199628317,0.236687432
0.18708031,0.234820648,0.211933252,0.126423356
0.058212564,0.285020373,0.234077488,0.24457137
0.061643956,0.125885896,0.049525047,0.071175097
0.048829824,0.160046282,0.129444318,0.104019981
0.128699136,0.071285208,0.133680533,0.179205912
0.181868045,0.048966129,0.282855597,0.219192917
0.068574472,0.238246867,0.172434462,0.182057186
0.129081901,0.192818742,0.020707785,0.085170966
0.100977112,0.12425319,0.255180553,0.033143979
0.09614963,0.116687332,0.295569046,0.093471541
0.112740485,0.065574636,0.301335,0.08291759
0.180801477,0.107624657,0.210944202,0.115016353
0.171580173,0.3067613,0.242663329,0.130205438
0.123558531,0.251333684,0.182934099,0.065510532
0.135647033,0.089397413,0.141827745,0.246469535
0.213003886,0.163002435,0.135094809,0.077755856
0.153245816,0.168730366,0.256807933,0.287340596
0.089075705,0.249246146,0.243729005,0.044486708
0.199124585,0.25379954,0.256556743,0.161470717
0.084089621,0.126553191,0.219006472,0.073677126
0.114215393,0.229674912,0.226268399,0.203601375
0.132556435,0.198618751,0.188290092,0.149046438
0.188930856,0.214166597,0.282636396,0.18510014
0.190047945,0.15059568,0.216191356,0.074843268
0.093108324,0.153004966,0.048828417,0.192400417
0.142569581,0.142006759,0.259133149,0.19241449
0.182394146,0.142589951,0.200501591,0.179035844
0.191032436,0.209951416,0.06926331,0.124913982
0.116762844,0.18176912,0.135805904,0.102689481
0.060790618,0.16622441,0.291574075,0.163686312
0.133480188,0.157370978,0.166339495,0.160465003
0.246579915,0.166683029,0.316649141,0.078647672
0.190926782,0.199616239,0.116206645,0.131342413
0.177343764,0.145924715,0.22665478,0.093805166
0.260154147,0.240738738,0.031624136,0.074471644
0.224640912,0.091576149,0.100886974,0.200856033
0.147752185,0.166325819,0.099216172,0.106592949
0.26421742,0.143136468,0.276982286,0.120251121
0.067320445,0.190821025,0.131485661,0.138653631
0.148842985,0.05943065,0.161886148,0.211530649
0.093311434,0.131577853,0.162076489,0.258491083
0.179832787,0.051693864,0.143940076,0.19950682
0.111503666,0.080291309,0.102065615,0.295227104
0.15168099,0.16120948,0.270730834,0.130164421
0.145144151,0.135099968,0.130460317,0.103420724
0.14864882,0.151042332,0.200351877,0.12658313
0.211862225,0.182468896,0.1453955,0.163926386
0.23168192,0.057627992,0.197938488,0.200343002
0.202257761,0.125391075,0.234732324,0.188044528
0.200848531,0.124140053,0.092183867,0.045050892
0.264236177,0.134526537,0.190131292,0.099635628
0.1282341,0.098348877,0.122749078,0.133774155
0.247304935,0.267516514,0.219326984,0.085854719
0.224897735,0.24349296,0.204211753,0.147128264
0.163930804,0.139157783,0.144985199,0.114223891
0.195676592,0.041703286,0.182235666,0.111140495
0.16890528,0.136298709,0.293106699,0.151880345
0.149622226,0.129152673,0.183441801,0.085379932
0.146733368,0.16806351,0.068206114,0.118530489
0.13098741,0.064117741,0.100524458,0.108282151
0.202085039,0.156684449,0.314794243,0.196595399
0.21951368,0.053168291,0.246936741,0.133799338
0.092588403,0.149088803,0.304682555,0.147691542
0.192746409,0.123702266,0.229096404,0.210270219
0.141784054,0.166112137,0.075672462,0.241400619
0.137899549,0.093115061,0.266330963,0.236707459
0.193765535,0.11331486,0.157430255,0.207014859
0.237419499,0.155726183,0.1159364,0.263968499
0.153481233,0.100275252,0.239114999,0.13880671
0.113950827,0.189966583,0.187616399,0.232233389
0.253176364,0.248904454,0.18085485,0.143182859
0.186201494,0.167470641,0.115718583,0.233908841
0.143273702,0.184015349,0.244608985,0.186177851
0.118364413,0.173881407,0.396147727,0.112397492
0.043969327,0.161873909,0.186139143,0.084799584
0.084871097,0.187274495,0.107920245,0.127789311
0.118692179,0.197793305,0.153857165,0.098562459
0.299840151,0.232971903,0.30378868,0.137540328
0.198797146,0.17764866,0.108570513,0.084527245
0.247529195,0.217311324,0.29006902,0.0535882
0.226546603,0.207879391,0.078593989,0.15411381
0.121393115,0.195402878,0.177284472,0.197656465
0.142009768,0.273376779,0.161257581,0.111217944
0.229107981,0.18440402,0.097607489,0.10814543
0.107874089,0.212134449,0.12834965,0.067110227
0.204342748,0.124625749,0.19263558,0.177841099
0.193525212,0.147490525,0.165058668,0.13842638
0.288824031,0.134895024,0.316417068,0.246725383
0.230022223,0.109471919,0.10877416,0.151075011
0.152780862,0.145025796,0.253379283,0.051041423
0.178266336,0.076318593,0.093210091,0.17413595
0.315583386,0.078211011,0.105967879,0.066627864
0.11863826,0.177011207,0.243170975,0.191578121
0.149712937,0.13502281,0.162911461,0.21208333
0.180272505,0.164831078,0.155805785,0.022284835
0.234122486,0.123396317,0.253602864,0.095991131
0.238586901,0.204019678,0.060076205,0.082018255
0.144405624,0.130204097,0.252151534,0.118256748
0.207804462,0.134062262,0.249743086,0.171143774
0.276093515,0.030567798,0.103374807,0.276310806
0.234564458,0.224624083,0.162386761,0.070231382
0.163016808,0.157597032,0.102353381,0.192172495
0.038478618,0.168209915,0.176986734,0.147019525
0.243432914,0.164495999,0.26618433,0.083856545
0.161424042,0.153897876,0.270796974,0.037222153
0.191849091,0.153608028,0.136712539,0.102529558
0.18901253,0.060298025,0.18031404,0.10770453
0.157136245,0.162365988,0.162937998,0.090500744
0.146357116,0.101353587,0.096457476,0.188454386
0.135114098,0.057952378,0.196205921,0.221925302
0.219101266,0.145365068,0.135307604,0.067062664
0.2994502,0.155489044,0.407552096,0.15700553
0.128389098,0.175079938,0.141600676,0.17364796
0.334894839,0.17295223,0.217610075,0.144364685
0.147202869,0.177237246,0.197438452,0.136168992
0.147218635,0.159052705,0.178164565,0.070753157
0.162726044,0.146058162,0.294186266,0.142428046
0.207289798,0.162081781,0.200551807,0.151152834
0.045369528,0.124056507,0.211819795,0.091750984
0.153845764,0.161728486,0.335957463,0.06755949
0.186815162,0.235399293,0.221866449,0.161297727
0.186530053,0.192518405,0.168535294,0.123354398
0.125113802,0.046788199,0.317120477,0.127747461
0.233517143,0.161554058,0.144123473,0.190558611
0.226432898,0.07229282,0.158677984,0.18239738
0.12927637,0.140054597,0.119049367,0.123748302
0.132641603,0.110436648,0.120313053,0.231090012
0.1939378,0.160944612,0.24519962,0.119943999
0.170257177,0.181062911,0.257343919,0.115103158
0.315239096,0.190326259,0.104307066,0.099208047
0.264321615,0.237040056,0.308215466,0.107362012
0.206636347,0.224622153,0.191048967,0.281219566
0.100797631,0.216739346,0.161465304,0.10542479
0.315321014,0.24443143,0.211172322,0.142320529
0.291449848,0.113070234,0.1322233,0.094244957
0.250820305,0.133436566,0.231788476,0.083550737
0.121681906,0.120143789,0.050091939,0.096202319
0.302841617,0.011006613,0.182070266,0.113933484
0.302601873,0.236414315,0.137009212,0.173930655
0.100692295,0.170398025,0.152678163,0.151469975
0.219449921,0.125466326,0.185483628,0.169663432
0.177300695,0.131463953,0.312709752,0.156130731
0.198748011,0.275662477,0.304846391,0.132646205
0.036669271,0.195409305,0.188835865,0.093245487
0.124480355,0.103347356,0.06161764,0.064527291
0.208946144,0.196584774,0.086997697,0.142364279
0.172332531,0.275284469,0.154381817,0.116916008
0.123652742,0.220772015,0.215919621,0.096493012
0.136337489,0.225418741,0.192275079,0.150983828
0.101084673,0.197026097,0.178433735,0.146893148
0.188529781,0.217612458,0.185849393,0.080871856
0.223285733,0.17358357,0.071387592,0.116908884
0.167339699,0.154999153,0.286595471,0.123472659
0.26490609,0.102500369,0.178753962,0.224061466
0.267488739,0.127878979,0.157528026,0.103327637
0.275508782,0.217892312,0.202677156,0.130781189
0.153258483,0.195152002,0.211847757,0.162786452
0.130310664,0.221705222,0.161896367,0.171314672
0.150521673,0.232243916,0.22603578,0.220213346
0.074446209,0.105650105,0.211912251,0.105851275
0.11073011,0.050993036,0.239828101,0.212072606
0.241456415,0.259982236,0.237878821,0.191413576
0.176692515,0.197359128,0.213555939,0.173220755
0.166228615,0.167528119,0.195492037,0.17842844
0.100129228,0.083234054,0.10182641,0.154995321
0.134627749,0.145488952,0.31645932,0.210527586
0.128013623,0.14629857,0.165790149,0.234096122
0.228043457,0.117831275,0.161775398,0.13680175
0.099201432,0.198207113,0.220511983,0.130684311
0.234174125,0.109608957,0.207488651,0.081082167
0.09270814,0.136585499,0.21514407,0.105635021
0.029789672,0.085515669,0.300719444,0.205826538
0.199287069,0.218248378,0.142729133,0.165570872
0.193046112,0.123361361,0.302645637,0.233619417
0.135281347,0.212490651,0.04741031,0.073482521
0.155006479,0.146891575,0.194277101,0.017940639
0.083892913,0.262898164,0.110970567,0.106010439
0.336219856,0.233626671,0.190077155,0.071010651
0.076296576,0.044759448,0.212024386,0.03741391
0.205963601,0.197747139,0.236226752,0.10972147
0.303447194,0.142422713,0.163110026,0.155934861
0.208423051,0.104306309,0.334029804,0.133499118
0.095782554,0.160634513,0.114071799,0.151555349
0.226820494,0.204674718,0.239948236,0.04112309
0.15002942,0.130234493,0.13989393,0.124628374
0.105318484,0.092789948,0.272333158,0.12026835
0.161167047,0.082929895,0.120466495,0.109247208
0.113934914,0.240238679,0.29400556,0.140755164
0.27332617,0.192041979,0.164846298,0.05687404
0.131634223,0.22327215,0.240931033,0.055834366
0.226240738,0.24707055,0.201697604,0.092771454
0.185271858,0.162292882,0.18671018,0.090133879
0.06515126,0.167055744,0.295719778,0.167229755
0.159785157,0.201305549,0.152676284,0.198912302
0.058637396,0.130214717,0.24025357,0.182940392
0.140067952,0.123353304,0.175250941,0.119078211
0.101881511,0.138792388,0.128149013,0.104626037
0.220208285,0.120554643,0.100226947,0.153349094
0.123052863,0.126289267,0.139638159,0.191372999
0.102191325,0.154690049,0.216209192,0.135110976
0.144596484,0.091792378,0.192989173,0.158938932
0.310127637,0.099887835,0.135076,0.102207711
0.160317799,0.216216134,0.150708656,0.101992058
0.220292109,0.216292684,0.229060517,0.261292098
0.196958849,0.081679588,0.154207893,0.091918431
0.246276631,0.187377805,0.158745496,0.097152394
0.093404012,0.187955565,0.205095111,0.110997049
0.067824171,0.040846695,0.321655614,0.148586963
0.072110004,0.196321017,0.106283567,0.217170212
0.172574889,0.108821045,0.207700308,0.122527317
0.265840806,0.140674365,0.154388816,0.162074796
0.177229623,0.140354279,0.10657446,0.183905107
0.244463052,0.024336488,0.282860198,0.06600323
0.153989608,0.105546411,0.244203587,0.088377426
0.092507472,0.017044757,0.17845523,0.08320012
0.171342378,0.219003695,0.167038509,0.090246339
0.240701646,0.126266073,0.176494866,0.08092108
0.053917573,0.099903745,0.282412576,0.11939526
0.132390456,0.174863893,0.210734932,0.073583143
0.051200094,0.173939203,0.124901577,0.104056586
0.263236674,0.224744267,0.143989268,0.05564343
0.221219815,0.207905441,0.153652464,0.089969564
0.194392283,0.072968836,0.304002891,0.170842288
0.05178203,0.238350222,0.110108689,0.138776019
0.167526929,0.183548025,0.116616689,0.141269415
0.193899924,0.103043307,0.18446124,0.164601464
0.283567987,0.143755866,0.182370262,0.144952231
0.208809582,0.082337719,0.129508783,0.186611818
0.214284039,0.222585875,0.204492964,0.080082028
0.227664466,0.149065692,0.121109093,0.080391498
0.317086981,0.115270451,0.34852323,0.097484797
0.08759154,0.054034755,0.2511734,0.095217294
0.194254678,0.066093788,0.240070161,0.237303453
0.154197028,0.213526829,0.214469593,0.125668771
0.159159967,0.141308076,0.148268138,0.046687394
0.085748819,0.191517523,0.245471853,0.066820642
0.067988497,0.204551337,0.148016267,0.118819588
0.20638272,0.106018662,0.150152698,0.148935532
0.133770526,0.145633997,0.128162951,0.223800969
0.1770438,0.17226849,0.027132248,0.153916636
0.110635979,0.147610892,0.293550242,0.088155229
0.232356805,0.14916026,0.237982076,0.149173894
0.131492451,0.199695078,0.160467862,0.245646898
0.12980252,0.09167753,0.122307728,0.223800598
0.096092274,0.251539663,0.251566887,0.04708618
0.183376485,0.209068281,0.160252927,0.178240211
0.22205254,0.15276264,0.170054324,0.130750689
0.079942612,0.100597901,0.127162794,0.12917621
0.11509706,0.252661765,0.140224152,0.866284839
0.152620537,0.249459737,0.190249212,0.127989527
0.083063385,0.273109763,0.102484176,0.806884028
0.176041242,0.17610444,0.131776612,0.164496533
0.196916253,0.173658375,0.345140106,0.192071083
0.068773758,0.195168064,0.139741905,0.755498246
0.091010965,0.188725874,0.219289488,0.100266485
0.14445406,0.097037403,0.020302644,0.11586706
0.174427928,0.174069929,0.092514463,0.189349074
0.113715649,0.078558361,0.166679426,0.129342912
0.191867017,0.166415043,0.126156686,0.193716978
0.270551193,0.22033819,0.115373997,0.136488385
0.165920636,0.057881535,0.202009101,0.241498262
0.277920855,0.197456587,0.402992177,0.160034241
0.209815667,0.1989766,0.258201204,0.227143273
0.098787515,0.129610762,0.193968434,0.070421097
0.179295558,0.099570222,0.153773246,0.022371874
0.133047313,0.194428545,0.043486245,0.086295533
0.20726485,0.222081573,0.099132818,0.123626614
0.197693914,0.230132767,0.123960224,0.195061147
0.197015412,0.187807446,0.168782977,0.199626404
0.119995771,0.110677038,0.300047341,0.12000967
0.17336732,0.224804375,0.301953859,0.186852812
0.13244717,0.230531976,0.184320679,0.030568138
0.268528476,0.123194601,0.118540644,0.124193677
0.119517842,0.146721132,0.121897123,0.150695807
0.084658275,0.097352703,0.163583995,0.133161845
0.166792417,0.187837658,0.180765062,0.140208004
0.124817599,0.235768449,0.174738761,0.112558009
0.138217705,0.192823849,0.187805637,0.225831294
0.246259087,0.140502878,0.168029389,0.125279789
0.14294387,0.109805575,0.105785501,0.192980225
0.189502716,0.212676483,0.212575522,0.154755162
0.133098951,0.210508688,0.13986709,0.086939619
0.17965583,0.167496835,0.24270355,0.188681404
0.21490382,0.170168322,0.245164962,0.126028767
0.220989236,0.161024683,0.083519898,0.069946775
0.222642689,0.110226775,0.173128175,0.181641452
0.26199351,0.207804824,0.303888017,0.139751873
0.295855882,0.274518652,0.156730572,0.109958375
0.32917365,0.175238705,0.124296301,0.14559473
0.198200513,0.276805018,0.146892868,0.111757739
0.252963339,0.189111055,0.190841829,0.16794415
0.226239051,0.092909141,0.293639928,0.22561274
0.256127503,0.279268657,0.219426214,0.188204575
0.314724331,0.191477262,0.212917582,0.050024561
0.049681399,0.08778434,0.22793393,0.132541968
0.196786723,0.136934639,0.112548576,0.138022408
0.260192961,0.174740907,0.203257553,0.091815599
0.174303343,0.164443404,0.121779876,0.122009664
0.231239549,0.15033004,0.057991475,0.106244047
0.184938062,0.247465325,0.28053533,0.170055481
0.244414588,0.109581968,0.184076481,0.147893575
0.211779238,0.152985618,0.198420752,0.13349599
0.20292062,0.103970446,0.234174664,0.184827938
0.193628873,0.120719644,0.128058623,0.190291714
0.242421732,0.094059614,0.254017631,0.160993037
0.097416318,0.172081388,0.302056747,0.181509243
0.095236884,0.135142267,0.098217149,0.142726535
0.266469446,0.244780661,0.21477343,0.199138442
0.249751855,0.111334093,0.293194022,0.288622199
0.099397468,0.214145207,0.110607473,0.286798677
0.173700807,0.117583351,0.136524175,0.21346203
0.249187133,0.256295932,0.104861943,0.179276862
0.142206601,0.117194574,0.343695584,0.22147288
0.178422672,0.13855827,0.1440948,0.092100892
0.234087556,0.197793817,0.227380648,0.129246907
0.263792356,0.145151206,0.200617116,0.170958534
0.229960434,0.13324132,0.125688868,0.172434656
0.225913394,0.03154114,0.245275912,0.142368942
0.175147606,0.140483315,0.229528824,0.146870083
0.068808111,0.107795136,0.33334474,0.221659357
0.247929896,0.127628951,0.170380868,0.16329923
0.202163221,0.140472004,0.136105281,0.154269289
0.089790454,0.077044404,0.122206968,0.148780837
0.150281538,0.076507513,0.276815888,0.262020597
0.132257237,0.108205622,0.253571024,0.096611412
0.221886775,0.084558892,0.247854299,0.096867154
0.139459635,0.064300386,0.13950699,0.137253845
0.10852041,0.182130201,0.214147972,0.15245362
0.124418943,0.07401829,0.205150649,0.066023147
0.203934576,0.090306388,0.079156681,0.243699348
0.273179201,0.21936594,0.105578056,0.134061156
0.105335423,0.172567779,0.127548816,0.250318198
0.155771733,0.10235627,0.24260516,0.145576149
0.226835161,0.246284943,0.105137537,0.188918445
0.091456766,0.125242349,0.1632317,0.133928382
0.206574728,0.075240411,0.133764276,0.100367269
0.180018331,0.114153568,0.178009667,0.151804396
0.117014319,0.14719035,0.275614855,0.10059976
0.138424851,0.215153842,0.175672797,0.215259879
0.264309136,0.179515768,0.224617646,0.130674855
0.131754872,0.12928863,0.250109576,0.131997419
0.158014249,0.180092399,0.110172056,0.177829129
0.121507544,0.260198742,0.109183953,0.20789853
0.182346259,0.224705282,0.192940655,0.083359417
0.15417029,0.105612132,0.126581621,0.102931246
0.181897886,0.138137242,0.166294789,0.159068676
0.134729518,0.107953234,0.130659256,0.11213052
0.276739993,0.219015018,0.111159311,0.080785827
0.257713629,0.235542166,0.152672295,0.119372474
0.067839181,0.130941859,0.282331682,0.107282783
0.318393275,0.226042255,0.156435229,0.178112149
0.235915942,0.192355671,0.096426184,0.152385125
0.305188526,0.135259432,0.251254204,0.132985839
0.030842351,0.155320824,0.096943424,0.169523278
0.180616337,0.085239813,0.274860313,0.138625442
0.172102453,0.113552604,0.10545597,0.121095195
0.111995432,0.2235765,0.112424886,0.145931063
0.162626366,0.183677115,0.162920087,0.175918459
0.218551523,0.123807368,0.227227531,0.100735947
0.179056664,0.14171924,0.197959873,0.038528569
0.159438661,0.203945145,0.184236976,0.113572426
0.27247095,0.112450661,0.14845088,0.086228518
0.054476899,0.194495353,0.155968784,0.104592468
0.203191639,0.30586552,0.149877217,0.076664591
0.129973246,0.172653061,0.14233151,0.181297023
0.182996292,0.161305572,0.102701701,0.106624197
0.152207344,0.163811741,0.161226369,0.169036552
0.137577124,0.230899214,0.184934128,0.150187814
0.083141888,0.219068443,0.230987682,0.062211821
0.129572427,0.157031632,0.060792944,0.209629018
0.234613118,0.161140086,0.271822857,0.19585558
0.218088782,0.124991897,0.179849522,0.211419227
0.332379432,0.188525957,0.135190239,0.144541702
0.273219279,0.185105226,0.224688149,0.180481403
0.152878051,0.159572812,0.099420324,0.030077012
0.168980634,0.123126049,0.126989327,0.151171536
0.310475489,0.137899571,0.164410781,0.19174959
0.16450474,0.093088734,0.186199885,0.113268555
0.080685493,0.205263365,0.184557236,0.137379322
0.255474069,0.086848611,0.1166781,0.083903746
0.242549275,0.183284752,0.325207619,0.225283413
0.106763086,0.151896519,0.332588827,0.241870372
0.182463543,0.163079663,0.211379435,0.292384055
0.124099584,0.248161471,0.361585708,0.301143948
0.084343612,0.056666025,0.128165096,0.068676597
0.159968682,0.079804882,0.213919763,0.107616966
0.119080063,0.183011748,0.166202283,0.153038981
0.130959278,0.129071155,0.221225652,0.109827312
0.227897813,0.137576643,0.168040681,0.141091978
0.131791543,0.146500844,0.227549449,0.137735698
0.223728737,0.234641348,0.257929088,0.138997557
0.219983152,0.120691844,0.220283537,0.106309353
0.170241401,0.18950343,0.165269492,0.089844339
0.103446201,0.108187297,0.125675124,0.088037679
0.052175878,0.166636158,0.131217145,0.110891295
0.100808193,0.150413786,0.203826045,0.172303146
0.218721089,0.099349292,0.153216147,0.096029962
0.052548456,0.178375574,0.164163717,0.182827646
0.203112404,0.191520577,0.091754976,0.154730915
0.175077216,0.248663931,0.210597892,0.167103639
0.070018218,0.236823215,0.166043534,0.186527052
0.067731354,0.254608088,0.146456267,0.210343019
0.213842567,0.098402145,0.167735978,0.189938743
0.22994907,0.202289565,0.24154988,0.180996933
0.08931867,0.107351965,0.118579321,0.205286431
0.073621452,0.046468495,0.221653623,0.15036907
0.150687529,0.13830292,0.216765177,0.240350407
0.101964898,0.146056808,0.25783847,0.16428261
0.154859045,0.141323681,0.121490146,0.190399593
0.197883385,0.21297266,0.315170226,0.217212075
0.125780687,0.101013504,0.21917941,0.130430836
0.236282396,0.100584334,0.234529848,0.177407484
0.213390283,0.180652348,0.252354045,0.191590316
0.12838393,0.109455227,0.134321356,0.204254341
0.238769022,0.082920432,0.079900147,0.120323682
0.283712532,0.174084881,0.144660558,0.137234172
0.211142439,0.138347269,0.222530615,0.171241146
0.267830776,0.147675845,0.208645904,0.077505909
0.144112972,0.095286675,0.085040822,0.18888586
0.149482435,0.108447471,0.221535137,0.236014079
0.292741605,0.222216094,0.17068892,0.093632304
0.273175293,0.11869583,0.2388614,0.206445942
0.234266998,0.269208856,0.190678292,0.081264307
0.197035474,0.201657855,0.224945834,0.147176968
0.126915703,0.069904614,0.129821882,0.122059531
0.231285072,0.123584307,0.106915355,0.045980096
0.195455114,0.169643357,0.172098384,0.07871591
0.139917744,0.164288793,0.167797066,0.093445274
0.199760424,0.154577001,0.23372804,0.058609155
0.139851305,0.135902445,0.211016871,0.247227648
0.084323598,0.081161883,0.203747841,0.180748884
0.355484693,0.134891716,0.25475875,0.226308582
0.194501996,0.155828181,0.18002614,0.094019576
0.192800233,0.189603139,0.159180069,0.169844612
0.117997758,0.141408356,0.208976539,0.077591293
0.199615079,0.217350604,0.147582656,0.174925116
0.204044977,0.231586221,0.165360126,0.117296557
0.162789123,0.246515395,0.237487872,0.217332612
0.16121958,0.078771742,0.274886515,0.15631798
0.19378998,0.126704884,0.175968131,0.181751135
0.136812627,0.138398863,0.178405304,0.261321027
0.148340743,0.12282201,0.185880959,0.05032907
0.235577568,0.279693628,0.080292346,0.157463994
0.153222804,0.170567942,0.134965577,0.174460827
0.1278904,0.056506177,0.222878076,0.159625659
0.188905484,0.121765956,0.061742935,0.101229714
0.209130146,0.108515478,0.226628183,0.275956864
0.314814397,0.131850354,0.173230359,0.1265005
0.202789864,0.282062674,0.108356483,0.192919389
0.193064712,0.054215066,0.253093514,0.188208175
0.067387282,0.143375928,0.149572732,0.209034211
0.142437531,0.155878213,0.173344523,0.149174939
0.304120998,0.224847257,0.219164576,0.111173754
0.230803766,0.172424455,0.205284373,0.257502179
0.065236242,0.144793931,0.157962618,0.072188105
0.078946291,0.117340448,0.147540949,0.121181488
0.087666709,0.07581685,0.112420367,0.129505935
0.212208529,0.317749839,0.212775753,0.11430973
0.199650209,0.09028203,0.231484664,0.193026793
0.12303506,0.154564189,0.166385756,0.141044098
0.364153842,0.132191395,0.305171777,0.039491985
0.306630002,0.174987479,0.178320559,0.138350985
0.1829733,0.196427643,0.156242985,0.161213117
0.217634176,0.136955899,0.255065438,0.142472321
0.167474376,0.127132144,0.158337568,0.204797943
0.094519064,0.163530223,0.265956428,0.237090586
0.18289113,0.16233663,0.154837264,0.209148366
0.248941522,0.075821334,0.23120096,0.296930227
0.178835448,0.263170263,0.240486877,0.267544539
0.201468887,0.197151137,0.125573167,0.248456149
0.096407658,0.128472429,0.122023839,0.33952346
0.302364486,0.155651859,0.172615342,0.194921309
0.187896952,0.173740862,0.142824397,0.281213826
0.213350762,0.064299377,0.165523603,0.193461097
0.211295252,0.131627298,0.162045055,0.168262774
0.232489311,0.170671113,0.160177223,0.174257193
0.171206317,0.176279994,0.221162099,0.167363223
0.294431338,0.156998026,0.187726075,0.089155951
0.157212496,0.143668021,0.245713898,0.149402649
0.099021405,0.079858338,0.120629888,0.127880006
0.193447921,0.180745576,0.236864892,0.148192865
0.197260539,0.178552158,0.185007549,0.20267535
0.15776888,0.250318232,0.264539639,0.163712655
0.144645987,0.215005304,0.248777459,0.161573075
0.143382055,0.16536103,0.159231492,0.150771362
0.177814906,0.187011534,0.145059883,0.152867762
0.081164108,0.153857175,0.193010244,0.153804204
0.266084308,0.20453826,0.145658014,0.204927443
0.074263266,0.153409372,0.24391085,0.180033912
0.05189499,0.226618479,0.254688303,0.174434499
0.063540577,0.157086844,0.237617905,0.207027773
0.188852775,0.203171734,0.333531025,0.135080449
0.290501405,0.215378671,0.301809771,0.090547835
0.142997877,0.142597621,0.161413194,0.175056792
0.114155803,0.122742939,0.190672273,0.115268052
0.214343417,0.096877746,0.213241432,0.104938024
0.051780847,0.110332082,0.063137864,0.133702861
0.179211119,0.198020349,0.169660819,0.154888768
0.202252534,0.116576668,0.157015043,0.175737036
0.264734514,0.186697113,0.22663567,0.142429142
0.143268017,0.220619251,0.24390026,0.204653456
0.13023804,0.099473755,0.201256653,0.199029355
0.241526104,0.213511345,0.150680657,0.227011793
0.228947916,0.171789943,0.201407081,0.135367264
0.128702954,0.186382219,0.084636099,0.148830824
0.229242955,0.130266647,0.155472371,0.160314792
0.11772323,0.148550639,0.200059631,0.19912646
0.249215687,0.161747868,0.027744419,0.230026604
0.21597395,0.049917178,0.171384592,0.162604814
0.184973922,0.131904795,0.091195558,0.14383648
0.287133504,0.244658581,0.20545375,0.248240885
0.278752741,0.126634355,0.250041321,0.087120581
0.155212393,0.052342189,0.106190326,0.126539282
0.259555893,0.108092594,0.255088812,0.158467291
0.10793853,0.12247119,0.227186001,0.15135074
0.082173764,0.047294507,0.191380355,0.106326654
0.095649164,0.072716374,0.174961578,0.105247866
0.285191381,0.161352611,0.200202667,0.128050656
0.122217026,0.246964101,0.284460884,0.093072329
0.209325685,0.263594542,0.15527,0.119326196
0.22089084,0.061208783,0.133723059,0.187524289
0.09179072,0.279423507,0.239662395,0.178938401
0.15441406,0.081438114,0.253012426,0.046246541
0.213567555,0.271465508,0.197686225,0.781020649
0.111713214,0.118731805,0.204157862,0.186056053
0.221578485,0.193211119,0.190279608,0.198190746
0.061091342,0.190336682,0.180316078,0.192241999
0.137628919,0.184115058,0.261294128,0.156449743
0.090235249,0.123427925,0.17009245,0.262402655
0.2484123,0.089021107,0.186530262,0.190511874
0.087060768,0.195475775,0.226832083,0.16928482
0.058236927,0.100957573,0.180473068,0.154531352
0.188015567,0.155876963,0.078187223,0.151106625
0.200178309,0.088598168,0.172525609,0.169236967
0.171909407,0.114839821,0.148126538,0.089629244
0.175696093,0.094953939,0.172708456,0.058469547
0.246626501,0.129147975,0.246006394,0.089965542
0.056403245,0.261135999,0.182039117,0.215496187
0.119049254,0.216388027,0.12553096,0.103391622
0.13997836,0.280052541,0.258336613,0.19540408
0.190720915,0.096146175,0.223300806,0.227688918
0.324433303,0.268456131,0.270570553,0.174237383
0.160686289,0.12076729,0.206055021,0.232044104
0.271739744,0.193822502,0.294500673,0.136808927
0.08928464,0.081310396,0.252772593,0.163549648
0.076851881,0.112297953,0.145756191,0.075985592
0.166424028,0.09736735,0.226023978,0.143598953
0.083523063,0.21215294,0.122971311,0.129472531
0.223221568,0.108347194,0.120682776,0.178425591
0.149897948,0.117506967,0.03871705,0.05957932
0.265888805,0.204110133,0.147955639,0.072278245
0.050551699,0.115188845,0.104726857,0.248581228
0.147058743,0.131792958,0.250139119,0.298743734
0.122656146,0.203419346,0.16813876,0.290307899
0.174312686,0.164623208,0.201832019,0.09445925
0.097118963,0.119577459,0.197557911,0.236899903
0.248672549,0.164478346,0.208778309,0.22023189
0.351021829,0.106282865,0.260067864,0.096305412
0.132113824,0.162056479,0.256569687,0.144949968
0.15586983,0.216202826,0.174231302,0.076369753
0.150744139,0.265154669,0.085707045,0.169393237
0.23074717,0.059320498,0.19036691,0.068540713
0.191459284,0.097020804,0.114143883,0.192343762
0.153960503,0.108789887,0.190399371,0.16916812
0.099175979,0.096758657,0.108069434,0.287368712
0.207038617,0.263208316,0.136649955,0.183592648
0.142193701,0.21970419,0.116809164,0.366650512
0.185437858,0.365508239,0.110987834,0.199998153
0.138401832,0.153963902,0.216476167,0.339718174
0.236433037,0.257001407,0.183823496,0.112346916
0.208206994,0.130461742,0.298031087,0.128571453
0.216556994,0.081297622,0.139958278,0.121212806
0.147803575,0.131047585,0.194497847,0.127772553
0.143919498,0.091755337,0.162323339,0.283617943
0.049752757,0.057364287,0.090573697,0.111578882
0.054214111,0.118763122,0.226334623,0.164716781
0.078450894,0.157513324,0.059240524,0.080212401
0.113567791,0.15308612,0.217307405,0.093021253
0.261303074,0.056775227,0.16423629,0.066519685
0.137329535,0.152246568,0.138987503,0.146651495
0.165476139,0.205906971,0.19618938,0.213407876
0.196685525,0.213256379,0.177929804,0.144483928
0.229225489,0.245714264,0.296495647,0.033837146
0.130950682,0.220990238,0.273811719,0.121982774
0.31608609,0.122733068,0.195573537,0.155372063
0.263830022,0.075781737,0.116964944,0.231694577
0.133474305,0.053453473,0.148425869,0.161024955
0.091146991,0.071535444,0.305516347,0.234121968
0.178422174,0.098658625,0.20230046,0.169155914
0.154040692,0.209360726,0.189820105,0.21656549
0.188921296,0.183611354,0.084840952,0.269114822
0.174659775,0.1603275,0.111029025,0.19316114
0.237271561,0.216113155,0.147163491,0.211851867
0.374901692,0.130378137,0.030844541,0.188076916