A1-LCD-clique-rcom-normalized,FUS-LCD-clique-rcom-normalized,EWSR1-LCD-clique-rcom-normalized,TIA1-LCD-clique-rcom-normalized
0.224177135,0.124293855,0.169122856,0.197961559
0.310911461,0.298106575,0.253735919,0.225013064
0.139029169,0.290131082,0.238502953,0.225434014
0.168112218,0.283554056,0.319561722,0.23506845
0.240225873,0.299938393,0.329577073,0.880701932
0.150194205,0.144362604,0.290531321,0.225427702
0.089826916,0.14002913,0.141379776,0.24023116
0.232096877,0.137918965,0.305766825,0.222093404
0.225972092,0.220581809,0.091693195,0.219753218
0.250291138,0.22791926,0.294425043,0.425760659
0.263513039,0.288845278,0.250363093,0.190737999
0.214698635,0.24015969,0.258697854,0.758463499
0.241051369,0.283303778,0.205268753,0.184691351
0.265377671,0.265591475,0.244517703,0.214012524
0.27607253,0.321060894,0.256306407,0.200028696
0.389133259,0.070025505,0.178139776,0.199934576
0.273868997,0.271678281,0.337464125,0.68090616
0.231670903,0.255601073,0.292856715,0.67782265
0.364019017,0.182359632,0.235683386,0.15915842
0.158637024,0.360312386,0.158691099,0.152497147
0.242436233,0.287149463,0.210391749,0.244446062
0.327862389,0.148910333,0.21198874,0.678703834
0.302170552,0.259851479,0.307751788,0.256775968
0.131112549,0.166578933,0.245290669,0.17660477
0.248817889,0.127989267,0.279649698,0.134491756
0.214357336,0.242605671,0.197117519,0.163133995
0.1843804,0.287793857,0.182845789,0.693618564
0.255577497,0.35212071,0.254847831,0.181073161
0.257041644,0.232434538,0.224120582,0.061213876
0.272025006,0.320685177,0.237403665,0.238250941
0.139926931,0.280178175,0.344956421,0.143226273
0.222918975,0.268285479,0.136716908,0.20727376
0.262689789,0.14394047,0.252674918,0.221956165
0.145618633,0.106857939,0.226440985,0.21041563
0.105064919,0.09653105,0.211131772,0.275313022
0.316330182,0.102415799,0.314361606,0.136851633
0.232918054,0.152144509,0.313807471,0.31317147
0.25983148,0.159438631,0.203444913,0.137386977
0.219942411,0.330171255,0.248806025,0.066260938
0.210575444,0.328939529,0.309865451,0.295666116
0.270269914,0.194311306,0.23939475,0.141677686
0.272284158,0.100525853,0.277788532,0.284957797
0.155786967,0.180159258,0.238625017,0.213633245
0.201038608,0.286546985,0.264242083,0.209927177
0.30206838,0.247131811,0.185701397,0.123379891
0.286463871,0.171464765,0.200454819,0.193371582
0.37278379,0.261954844,0.323890747,0.129986532
0.144645635,0.231697445,0.279061973,0.225024759
0.168353542,0.124971018,0.224839524,0.190381849
0.185381506,0.191378822,0.23252446,0.129549927
0.239368694,0.196450681,0.301184916,0.336898082
0.344218204,0.240142223,0.297113639,0.233083464
0.352235617,0.206457133,0.217923238,0.307749034
0.225218333,0.297122745,0.243454179,0.095063261
0.202857311,0.268923669,0.278444395,0.770164708
0.318757336,0.301901195,0.201732172,0.137982781
0.193212045,0.302223705,0.30725404,0.27267475
0.247158439,0.433199373,0.286009321,0.290764785
0.120739428,0.378647138,0.327717914,0.187243087
0.138485799,0.313966987,0.306216692,0.289815313
0.233207532,0.238711278,0.307282499,0.263317175
0.188594648,0.171975062,0.233474293,0.099432087
0.174613401,0.432460349,0.273230928,0.102493691
0.173531521,0.354097248,0.180996075,0.788957529
0.218316037,0.273822786,0.309676912,0.185159885
0.211961889,0.310299258,0.289056138,0.171617104
0.225589961,0.093591576,0.272243168,0.132770921
0.285560346,0.24930143,0.272291116,0.118604208
0.362632149,0.222372322,0.287630255,0.07424061
0.151339256,0.318636673,0.060910915,0.250141166
0.237324078,0.213920232,0.243709433,0.28935842
0.133253881,0.226611169,0.26309145,0.124377219
0.166674961,0.276522105,0.224507508,0.130125037
0.194376166,0.210681808,0.316352772,0.299783465
0.229016162,0.214224999,0.307653507,0.197937015
0.355380915,0.29409266,0.327808393,0.090914425
0.220278864,0.272769927,0.260667721,0.25021387
0.251914101,0.380879031,0.252183831,0.266633151
0.189231604,0.303932392,0.088736203,0.237214281
0.23711061,0.189167796,0.194652909,0.296130399
0.227989396,0.262645286,0.244029222,0.13300172
0.188742402,0.234594114,0.18702165,0.848821163
0.43954334,0.348491131,0.27394884,0.142140095
0.177536758,0.217109475,0.314102866,0.123599722
0.270278268,0.263981546,0.307185628,0.275925331
0.148089829,0.205627249,0.320710897,0.099020046
0.136566541,0.124161341,0.337619033,0.15870347
0.28492877,0.236997584,0.109082244,0.097032423
0.205692639,0.293567999,0.202551938,0.249316911
0.199479512,0.266917764,0.215044097,0.330683236
0.324941931,0.296222018,0.300354965,0.292095481
0.23059892,0.319414329,0.208915672,0.099838013
0.137690578,0.194854457,0.32699266,0.228603954
0.134614213,0.252409027,0.253987156,0.246149216
0.152152226,0.169598828,0.175325695,0.278081108
0.112464702,0.238504321,0.273261166,0.229008927
0.133461765,0.107895808,0.270000279,0.236688069
0.177796475,0.172142094,0.118092202,0.07679098
0.17073749,0.230021258,0.265516064,0.216058464
0.198920781,0.237481332,0.213116423,0.085189457
0.259151164,0.175342616,0.166103198,0.651587563
0.234869966,0.273781931,0.233396497,0.150570951
0.220083959,0.239951263,0.305849607,0.68414653
0.163831057,0.231399276,0.245860543,0.046739736
0.172403031,0.241738985,0.261025309,0.182158985
0.161088633,0.258835458,0.275489389,0.060106905
0.199963381,0.357446232,0.314803291,0.223043619
0.341236474,0.362338607,0.326507651,0.152918358
0.118878833,0.282585124,0.148983737,0.498762838
0.243380147,0.24273477,0.23398237,0.1186696
0.266976348,0.317536943,0.299911743,0.173169186
0.130281601,0.215323798,0.214183435,0.220950561
0.27230599,0.13070318,0.183112334,0.166819433
0.409445437,0.225776197,0.207348108,0.251452053
0.163190545,0.219532369,0.270837017,0.250336634
0.226373826,0.194207897,0.155465827,0.469659
0.171575317,0.148499243,0.207700531,0.059729832
0.143716566,0.2346803,0.313262159,0.21665636
0.177112734,0.341380877,0.225300067,0.240633346
0.236868522,0.275993549,0.214610864,0.268466535
0.188382959,0.2211406,0.347959049,1.109292219
0.276248427,0.194772399,0.206764152,0.144358689
0.300408804,0.279003363,0.286746881,0.148788606
0.170904328,0.065301706,0.262554896,0.308254357
0.193323658,0.200127144,0.339437582,0.209310427
0.195269142,0.261747956,0.203084609,0.188710855
0.212855051,0.149354099,0.21674287,0.173618407
0.194168414,0.222815371,0.265927169,0.288460771
0.221550679,0.189892998,0.261064028,0.2644819
0.119376409,0.187079433,0.35130457,0.271574097
0.225192711,0.238615337,0.117111721,0.179516042
0.356507677,0.360577264,0.223731501,0.132098888
0.243421501,0.302364105,0.264732548,0.936074403
0.222474191,0.200236797,0.333182185,0.94264837
0.244950537,0.254109521,0.259181407,0.917779905
0.294135628,0.240547724,0.226134811,0.388450896
0.182005528,0.180659002,0.246773029,0.121902611
0.105826987,0.341572489,0.166792878,0.171877696
0.152133335,0.302656118,0.293833342,0.153221476
0.290501618,0.255807496,0.257748656,0.067278807
0.215218122,0.309447983,0.192319514,0.235286317
0.126962407,0.274371943,0.34241961,0.187288458
0.380757841,0.212901423,0.248219804,0.126550251
0.106162125,0.150898259,0.194683054,0.16969764
0.21457031,0.259674738,0.151751416,0.196030893
0.310470164,0.308249977,0.276846183,0.238803174
0.33479559,0.298272306,0.328834106,0.222536769
0.230869662,0.138229843,0.33333119,0.283523726
0.317108884,0.168222514,0.279934123,0.293302221
0.308643319,0.235144157,0.226573957,0.298133801
0.149847992,0.2790163,0.265262517,0.183557017
0.320914049,0.237653029,0.28337808,0.23564838
0.364909254,0.203197522,0.333231062,0.27326052
0.203026511,0.214696993,0.218673441,0.217795878
0.242789675,0.064654216,0.26575324,0.231944368
0.272984147,0.175222328,0.21723775,0.202439599
0.056689056,0.229142379,0.3281846,0.164278374
0.132455753,0.248875597,0.329767208,0.22831829
0.284809789,0.255325421,0.218834033,0.085261597
0.236944499,0.225035476,0.29361532,0.150484547
0.378097176,0.186638766,0.277214582,0.267564762
0.187094704,0.232163573,0.27842871,0.240047825
0.358682128,0.257043,0.321325427,0.261817566
0.289296864,0.122930333,0.303864291,0.1104897
0.369433417,0.298916102,0.273462197,0.141044417
0.178253109,0.103362022,0.22256512,0.251944577
0.182023494,0.214386365,0.203939244,0.235322324
0.317113247,0.236879827,0.239879966,0.136180291
0.143033674,0.292053138,0.195589851,0.168021255
0.093480974,0.192942404,0.285757921,0.224264382
0.404952937,0.153542462,0.276080034,0.237724392
0.191080379,0.270098115,0.201294285,0.286398065
0.422327751,0.179594006,0.254651354,0.26310683
0.237992633,0.286210514,0.246179924,0.266215922
0.102542107,0.196102912,0.220054575,0.183422787
0.116086619,0.188968267,0.149635743,0.122507017
0.233782552,0.241187922,0.354000532,0.094725844
0.143018332,0.179971845,0.206863047,0.158700138
0.145084115,0.062274846,0.185919888,0.164376235
0.290415419,0.207462396,0.187972925,0.169456461
0.107877865,0.330396636,0.253635152,0.25092875
0.271522176,0.253519409,0.252788594,0.208708737
0.177944867,0.250902268,0.226031853,0.205996851
0.120965999,0.178266401,0.285828705,0.047631796
0.127203658,0.209448263,0.270634452,0.152680521
0.167126984,0.174412759,0.267450766,0.168730009
0.218979249,0.137312612,0.142852067,0.177905571
0.213161415,0.179406475,0.301567154,1.0045776
0.225406731,0.19207313,0.142686331,0.156438114
0.201099028,0.226568426,0.215609716,0.108635637
0.179440599,0.04207067,0.327962783,0.110920194
0.234965421,0.050231356,0.162355069,0.300562353
0.245965412,0.044902359,0.220688348,0.199996566
0.313119379,0.218574841,0.270632109,0.317739038
0.326398939,0.053209826,0.266670242,0.190518834
0.168478041,0.199667642,0.308932206,0.130525444
0.230439442,0.21518119,0.268179203,0.181485579
0.342619071,0.233675624,0.208431259,0.168322574
0.104606417,0.172531303,0.233887723,0.273263288
0.245152409,0.068125577,0.276813636,0.105826513
0.364630884,0.20439663,0.354869889,0.231426921
0.216882685,0.24869606,0.24602472,0.222549625
0.220056503,0.21192565,0.2071692,0.231112983
0.337452857,0.226130821,0.32822499,0.129512344
0.214526077,0.160299132,0.244079413,0.078775423
0.25790958,0.134532594,0.314752011,0.0511675
0.261797912,0.201832636,0.164365817,0.256045564
0.197654448,0.233572649,0.205335593,0.199217915
0.419520963,0.222419957,0.257226202,0.202492438
0.424156749,0.303882601,0.206181218,0.224873875
0.203298601,0.197024772,0.14878064,0.187454613
0.185656462,0.192817723,0.239070378,0.024165029
0.205857041,0.076521323,0.215224124,0.041098155
0.230681439,0.068200362,0.21891402,0.125499128
0.197632921,0.224605283,0.341204746,0.137720059
0.135639788,0.211042477,0.292331051,0.126618911
0.305147323,0.257753186,0.269443713,0.235213058
0.244475799,0.131640952,0.349910475,0.260742322
0.110916951,0.145459377,0.221189047,0.209523178
0.274377161,0.228528788,0.254245039,0.148001194
0.228132185,0.263342213,0.274708848,0.296703088
0.090359801,0.292591737,0.182762975,0.12445537
0.105438696,0.075740076,0.282862956,0.135295351
0.262972418,0.201374935,0.250374586,0.256486574
0.234281931,0.25695334,0.394437879,0.238339654
0.265683318,0.230877998,0.162580593,0.139959419
0.17149987,0.073133308,0.225109798,0.055737503
0.224794971,0.181040505,0.23573888,0.236096185
0.192183008,0.24896301,0.214066812,0.328580543
0.198933608,0.173338838,0.303493939,0.204543315
0.210211665,0.229045097,0.279594416,0.155750915
0.137909873,0.107005559,0.381881347,0.12824904
0.212912584,0.278309721,0.320144249,0.186384787
0.173901053,0.180372506,0.278079622,0.099674622
0.151749195,0.167027545,0.228860782,0.278384053
0.179298025,0.303342613,0.284844572,0.168772891
0.178365403,0.274883137,0.194005107,0.16439583
0.227282516,0.240357199,0.242621913,0.310735769
0.210353725,0.229833868,0.322826698,0.17537562
0.217393558,0.210746595,0.279035582,0.069658225
0.228324342,0.318625136,0.305874225,0.198579968
0.232532843,0.228650998,0.214376315,0.261784029
0.143160008,0.276263575,0.14310796,0.146242584
0.248190808,0.075251858,0.214989592,0.205915756
0.230935368,0.263254704,0.225944759,0.200247099
0.252197419,0.234837117,0.142217153,0.185875739
0.24952398,0.180657582,0.268167761,0.130171679
0.216101604,0.120452513,0.195986633,0.389214232
0.2205445,0.253082964,0.248281366,0.083630477
0.142475429,0.175718659,0.299205575,0.370757131
0.276215499,0.293850065,0.313890576,0.142715237
0.196732438,0.322249288,0.15422002,0.094065043
0.354732016,0.281987933,0.21051146,0.205064237
0.235228574,0.09925642,0.3470582,0.207379867
0.303425286,0.102884249,0.385530964,0.13855706
0.252628022,0.167743302,0.221845119,0.140130923
0.328867928,0.077190079,0.257639782,0.323759754
0.219179752,0.157625085,0.203412607,0.184782633
0.266540867,0.175159973,0.152429036,0.323432753
0.196311426,0.276535055,0.086840049,0.232113818
0.232686518,0.192613722,0.289661209,0.264803258
0.212997281,0.13678478,0.258052284,0.076632373
0.196902129,0.228383809,0.315369096,0.074070544
0.133824372,0.106326816,0.223833245,0.069860306
0.213714718,0.077504778,0.255262115,0.235027896
0.19352793,0.103937203,0.289966762,0.128521372
0.289914018,0.10571191,0.343636336,0.307458155
0.160794406,0.102310158,0.250558478,0.250595959
0.188498575,0.117158371,0.289958723,0.144329073
0.193526947,0.272666258,0.268330056,0.244074944
0.285227847,0.167869014,0.278255259,0.082396817
0.148275676,0.270062122,0.296277126,0.160094717
0.141381138,0.298964843,0.267230327,0.190172586
0.196559352,0.063175654,0.27562564,0.217848896
0.214336286,0.169805302,0.373958876,0.204655878
0.230149102,0.093318921,0.271647606,0.183285705
0.217488129,0.150482489,0.289066862,0.193173258
0.250528402,0.156170432,0.232168911,0.183027172
0.294627078,0.274913374,0.277085353,0.315458261
0.22758738,0.273572627,0.205530036,0.355211835
0.157952037,0.096164602,0.204344082,0.293086004
0.186283914,0.106570919,0.234674438,0.200119215
0.135180248,0.091825239,0.104364426,0.125748214
0.14714327,0.116984474,0.206444823,0.16371075
0.114958452,0.24040105,0.255028704,0.299403864
0.106352516,0.134894039,0.155848975,0.136687652
0.128557342,0.256782225,0.302351827,0.22492177
0.165606459,0.674002437,0.215620067,0.212856115
0.133034067,0.080678439,0.258596889,0.302202903
0.163349907,0.11696982,0.19812826,0.133222214
0.263467288,0.314355518,0.180116775,0.168866423
0.343120531,0.101931288,0.113985163,0.151696748
0.330382671,0.188708691,0.215278283,0.322648814
0.293115284,0.081238054,0.238816427,0.077557195
0.436877587,0.105927977,0.262473762,0.043500886
0.279418574,0.087535362,0.279603987,0.290885223
0.235544852,0.164586938,0.392577617,0.288779494
0.192863707,0.154200519,0.251870259,0.268476095
0.289495273,0.137497476,0.251332196,0.311973993
0.398695816,0.241784885,0.173238927,0.28086064
0.208024273,0.265181518,0.186229405,0.151885145
0.267636731,0.167167672,0.210071379,0.165064666
0.196576652,0.216008896,0.182382281,0.162242853
0.174437365,0.1470074,0.365131749,0.204905965
0.184863826,0.186074117,0.31568411,0.178822851
0.143501127,0.101269101,0.187393725,0.178523428
0.138929769,0.14291565,0.278900376,0.214310319
0.294578066,0.152261216,0.268563488,0.150371332
0.197238835,0.181293874,0.286325007,0.171847074
0.200985092,0.174410305,0.120811509,0.270837859
0.194467731,0.21004661,0.123794213,0.149998236
0.249107651,0.309217896,0.362934277,0.18015325
0.254541659,0.16860598,0.368321554,0.214873364
0.280407685,0.302220011,0.273125398,0.175543734
0.214359109,0.276370985,0.195667254,0.141761696
0.10037611,0.196828796,0.238498778,0.260570307
0.190967335,0.22541188,0.115728979,0.272227056
0.183085141,0.231660269,0.278072237,0.260881648
0.158897311,0.169940387,0.28382062,0.219190298
0.28207214,0.157269648,0.328427086,0.117722175
0.157534305,0.094380826,0.329710393,0.312765692
0.264573252,0.185012586,0.149623062,0.258555829
0.293965598,0.3356639,0.359212102,0.340558635
0.301688987,0.113505429,0.350443749,0.264486166
0.181263952,0.115172433,0.294317009,0.207859949
0.19408943,0.238425229,0.285450177,0.117756129
0.20717275,0.174115425,0.124184136,0.31709068
0.286023633,0.165307333,0.307731917,0.193769351
0.317682508,0.191565892,0.227591411,0.193214189
0.286602055,0.317513997,0.289514862,0.229719561
0.287965393,0.229376996,0.121392973,0.212729894
0.149796923,0.303590705,0.161651146,0.182834932
0.284404383,0.150723819,0.44313934,0.167592267
0.296849768,0.136341982,0.184183882,0.159132472
0.23799431,0.127274651,0.332663633,0.173415007
0.148657425,0.130451119,0.174558056,0.205103503
0.268012388,0.12161873,0.224176535,0.279047822
0.304400774,0.128480935,0.302798684,0.097220727
0.215388346,0.209721605,0.140229414,0.157918596
0.224600768,0.220676396,0.303357306,0.167242723
0.294752503,0.280171857,0.232107704,0.228161045
0.266243505,0.229660799,0.158863596,0.049148839
0.19851276,0.108301054,0.220436681,0.066269744
0.211058632,0.259489903,0.250192768,0.130856251
0.335102895,0.284170171,0.279679647,0.148250752
0.35352192,0.184941427,0.259802475,0.22874601
0.329234157,0.178953861,0.164248729,0.258858422
0.149097549,0.166531848,0.312129226,0.219787042
0.203333299,0.193342936,0.314008591,0.235309677
0.187775423,0.230190957,0.316488541,0.170422271
0.298587435,0.162632985,0.250051069,0.250864261
0.210987595,0.278688239,0.158084133,0.239423428
0.169176574,0.259358475,0.232234518,0.178744941
0.329899534,0.113281056,0.37747335,0.150852194
0.184544276,0.141846594,0.267507793,0.142593429
0.189600157,0.202290744,0.301416405,0.133957703
0.169481355,0.263538226,0.312515244,0.157632366
0.208591183,0.204302047,0.113331823,0.149738632
0.303553539,0.187785394,0.259475515,0.204505846
0.322293559,0.204537705,0.324444723,0.154888749
0.357811364,0.202297571,0.193510636,0.126870044
0.141033444,0.217279025,0.278854146,0.259517999
0.211254146,0.2054258,0.420740515,0.157009797
0.175793437,0.146899108,0.254682609,0.942009557
0.329849714,0.232195006,0.296292264,0.92403758
0.358319149,0.406752087,0.227593701,0.215240612
0.169324574,0.262246318,0.254909508,0.245761367
0.32045892,0.26601935,0.234900516,1.012291953
0.195742872,0.272123522,0.219041162,1.0318107
0.278701926,0.160653974,0.165025935,1.024576924
0.72082876,0.275766696,0.309874627,0.187484346
0.146144298,0.203804143,0.335778176,0.302093646
0.16887976,0.16365998,0.150743921,0.206086388
0.149562468,0.208573589,0.333396404,0.222135377
0.202673964,0.191387296,0.186723509,0.214092427
0.174208019,0.173011044,0.319579795,0.167299546
0.344019135,0.211880633,0.182182226,0.229591571
0.154877075,0.219993359,0.177493162,0.180683402
0.187820647,0.2270628,0.354067821,0.191739235
0.2926435,0.202071997,0.229188879,0.19728434
0.263879707,0.283286591,0.137222806,0.103008021
0.176763805,0.219522022,0.178143086,0.182730525
0.174148095,0.137760816,0.234722525,0.141791337
0.2104164,0.228005618,0.356059408,0.177692959
0.178505715,0.144881099,0.217442515,0.275748923
0.148559332,0.153276262,0.270502722,0.272535347
0.171312371,0.183030862,0.204779655,0.316045246
0.121201505,0.176752005,0.379235669,0.211958941
0.106532523,0.116353426,0.139156283,0.17141415
0.075985195,0.375229141,0.27751955,0.222889623
0.095688422,0.242066741,0.218005786,0.255316633
0.330587291,0.272620629,0.319586451,0.225705287
0.177580331,0.300315937,0.302804399,0.268273149
0.348556316,0.253040886,0.261664946,0.271355026
0.111804976,0.246576766,0.218561353,0.07973077
0.247704562,0.240228975,0.308008977,0.134745056
0.266213757,0.258516034,0.253121767,0.267892651
0.268540532,0.14310135,0.271363405,0.211911129
0.20535147,0.311383522,0.262240768,0.133017014
0.222570229,0.243365704,0.240600209,0.078787363
0.163181244,0.162797284,0.170969339,0.110680601
0.221551416,0.157481588,0.172090216,0.224715296
0.175662918,0.21425999,0.313232414,0.270171738
0.167625383,0.140425332,0.253009589,0.734643541
0.330402167,0.192553514,0.294736379,0.162973866
0.240724221,0.080486714,0.329730318,0.20200405
0.134002398,0.139320885,0.422898418,0.222845735
0.231788112,0.081155029,0.302922029,0.237011719
0.274073182,0.23798367,0.224106994,0.143573757
0.175510843,0.198094373,0.370940306,0.161473967
0.30783653,0.184302883,0.226839229,0.248786923
0.319998914,0.20487413,0.303572394,0.319965606
0.315467534,0.181747853,0.326974295,0.21228025
0.320622944,0.26469033,0.25942229,0.293821596
0.136942487,0.146491546,0.28394786,0.307389227
0.303501479,0.11243354,0.196162867,0.120266551
0.217647556,0.142074767,0.261740023,0.174796456
0.204304115,0.151324992,0.308040427,0.259001668
0.108373533,0.148640778,0.257299288,0.194767285
0.235632502,0.241782494,0.227116749,0.204612569
0.174312791,0.185311368,0.288765256,0.272977131
0.290543504,0.114040093,0.349978945,0.111061845
0.241562924,0.116655422,0.298580115,0.235008597
0.13882841,0.130600266,0.192426143,0.257496803
0.215235169,0.150360487,0.1993097,0.248167407
0.096990357,0.131188276,0.281028101,0.264867286
0.33429349,0.113663221,0.233959802,0.219688143
0.106856482,0.146876997,0.232645992,0.199076899
0.206258556,0.111409202,0.316134243,0.338251362
0.367275494,0.175856479,0.407446191,0.176386501
0.3170818,0.279786192,0.3446174,0.340524311
0.152618292,0.180951019,0.311423531,0.173351124
0.261258056,0.150584347,0.241069707,0.187984767
0.203968201,0.189185557,0.312553283,0.219857423
0.121182916,0.173343676,0.203816615,0.192889561
0.162385771,0.297110984,0.236392349,0.100267147
0.41941425,0.170242128,0.170538515,0.11469355
0.245093374,0.159516084,0.307816306,0.289370949
0.262908534,0.234938604,0.229040151,0.216718011
0.258327131,0.280494885,0.252766052,0.127820856
0.434467135,0.180893023,0.295529836,0.174286954
0.381491978,0.217559953,0.269047689,0.098981395
0.18509631,0.299503962,0.242804428,0.208690586
0.314652135,0.130959627,0.262536699,0.21172393
0.43377027,0.226614934,0.242767195,0.924107567
0.19157275,0.261276051,0.28850288,0.074228237
0.200746221,0.158248997,0.244044663,0.23333106
0.210985664,0.289168908,0.262157242,0.163835635
0.296940825,0.188621238,0.234142401,0.136924587
0.183466707,0.189883494,0.246962635,0.148835221
0.397717814,0.236487101,0.169558411,0.28781897
0.462445328,0.09564017,0.268462448,0.25051444
0.249252444,0.210404515,0.242575403,0.217633581
0.054204151,0.248584745,0.272715022,0.216751427
0.166697922,0.179160793,0.283288947,0.268371668
0.159074421,0.251309941,0.160159451,0.156219384
0.32714607,0.259547956,0.248302971,0.265241487
0.281382408,0.266311885,0.333471997,0.233732389
0.23233755,0.230587743,0.249821491,0.092132883
0.224635524,0.125683772,0.30473689,0.234346725
0.171088167,0.302064642,0.114129281,0.257967698
0.27303333,0.305924664,0.207360864,0.247552049
0.369417451,0.241843639,0.307931362,0.177431825
0.140442413,0.242358011,0.401012561,0.206618514
0.076632061,0.248614181,0.235900188,0.165077913
0.088347864,0.203047263,0.31417616,0.137345877
0.250196993,0.259881471,0.268707894,0.137295096
0.155209233,0.211528769,0.194331867,0.26325593
0.147414303,0.156216212,0.309317533,0.164012714
0.284474958,0.247569185,0.324557604,0.289486528
0.191902286,0.180004512,0.273604214,0.170163756
0.15562258,0.238797195,0.283121685,0.708874397
0.278190184,0.13882314,0.472666067,0.155692145
0.269843232,0.16142538,0.266865124,0.148029867
0.288009342,0.213860149,0.286343049,0.064072134
0.364782873,0.120492721,0.282189056,0.056805699
0.312222464,0.112705489,0.254554529,0.163541781
0.332086834,0.178693823,0.337714705,0.225848921
0.319604006,0.266580065,0.261058606,0.15775974
0.293296777,0.265051706,0.300878592,0.071791557
0.189806737,0.284102892,0.27116957,0.174283861
0.17551974,0.272331855,0.295739186,0.727741524
0.161586535,0.374109254,0.184987084,0.217956385
0.063095135,0.240953118,0.276917772,0.127800039
0.055147732,0.214252233,0.234810737,0.747625484
0.027757814,0.192943619,0.312813853,0.214054682
0.008946898,0.111636508,0.376614952,0.249342246
0.051019808,0.238556945,0.157006236,0.174175674
0.280732123,0.091820159,0.343705645,0.206321673
0.081815464,0.296637215,0.234146669,0.223083798
0.040019897,0.222667489,0.193662394,0.249876459
0.256428096,0.249251368,0.253759569,0.286176274
0.253667673,0.123338777,0.161170506,0.795224331
0.220730967,0.266589888,0.141236691,0.301333574
0.121925998,0.218742322,0.229703791,0.326652851
0.319528755,0.29652933,0.263213648,0.316473933
0.228947206,0.13366281,0.325251452,0.185010085
0.119019801,0.18024307,0.23181367,0.181127037
0.170988584,0.271415824,0.364151197,0.210355378
0.163667164,0.28426322,0.285347703,0.247009074
0.171018752,0.145377282,0.451321206,0.263772345
0.080001743,0.215142832,0.421576704,0.187229414
0.110854673,0.237556617,0.270397555,0.254118004
0.064305778,0.1769151,0.281178525,0.165718464
0.123604877,0.228458037,0.301780699,0.10065913
0.18887319,0.303571776,0.190731578,0.822205718
0.098123647,0.228312939,0.204161318,0.202996089
0.096347469,0.266501393,0.197444907,0.169080273
0.166294882,0.252301135,0.196467685,0.16603678
0.123618996,0.197140457,0.218444874,0.38097343
0.175836069,0.19478916,0.271379451,0.276544549
0.219078184,0.193704853,0.224082232,0.325745527
0.210558201,0.195203224,0.375259392,0.299639073
0.295235128,0.189289474,0.119030673,0.306324425
0.296005146,0.259429914,0.333393301,0.164076156
0.317289988,0.122318608,0.304096632,0.202739805
0.283800159,0.115492353,0.355809329,0.198108863
0.315150761,0.06062433,0.196807217,0.171370747
0.321382119,0.106412603,0.187855785,0.159328612
0.341700955,0.197059768,0.220139631,0.134444924
0.292384342,0.340721345,0.138872366,0.195532243
0.137344279,0.101471522,0.232548353,0.254195289
0.225572515,0.172939989,0.2046406,0.245426741
0.194364103,0.143703928,0.465382221,0.171959211
0.187366058,0.300699773,0.270883117,0.112208463
0.130891417,0.257282353,0.300224657,0.222616751
0.276231515,0.20619291,0.245033526,0.139994549
0.210220558,0.25181309,0.285213753,0.231509007
0.192913474,0.161996721,0.281909083,0.158017731
0.277534437,0.243091668,0.177680714,0.138111189
0.341579997,0.181993356,0.358299335,0.250020066
0.473141667,0.148205391,0.317966443,0.200737027
0.202421665,0.166857713,0.19307532,0.14052948
0.194636277,0.356654276,0.321799935,0.127222682
0.335699174,0.129970243,0.290981787,0.214075447
0.217481736,0.235175031,0.280982642,0.218084983
0.230460396,0.169862555,0.287549893,0.187273414
0.19742324,0.134569293,0.100659207,0.220778393
0.614014977,0.095666602,0.220683549,0.107973379
0.240919671,0.182166627,0.105767498,0.155354285
0.201919651,0.239296264,0.169359073,0.250576198
0.181333881,0.20398344,0.302438617,0.154641872
0.205437876,0.137726024,0.192675416,0.238958251
0.216982741,0.156603608,0.3660299,0.211359689
0.236240168,0.121521564,0.238492407,0.231539185
0.142363814,0.238912923,0.340132097,0.206007882
0.146543785,0.217467977,0.190740786,0.183430119
0.378555738,0.205668685,0.279689021,0.179858611
0.238947078,0.119357009,0.303119221,0.222181153
0.312365945,0.190731728,0.284773272,0.232505554
0.232389619,0.259564479,0.189090323,0.207953345
0.401712425,0.200074389,0.293262473,0.739351194
0.144710428,0.28375513,0.267995689,0.217758173
0.160983386,0.205682766,0.196875752,0.13819543
0.355620275,0.192870915,0.363566721,0.145664044
0.134350206,0.189932367,0.267687577,0.228158654
0.393841379,0.195681753,0.172599001,0.18143452
0.276961142,0.308864811,0.16324436,0.239415042
0.074889821,0.263837406,0.297991798,0.225711889
0.144831718,0.282776743,0.180215398,0.209506684
0.285218418,0.358343371,0.265659539,0.231275504
0.395750908,0.281188083,0.199306357,0.277380355
0.104270557,0.263433272,0.307812138,0.284290579
0.271796638,0.34727011,0.102078985,0.2659997
0.293664843,0.244655549,0.347667956,0.195259813
0.331189953,0.285825708,0.319115246,0.147379194
0.186883904,0.182041362,0.399567947,0.301355408
0.112131869,0.24179491,0.381081511,0.280950863
0.304180455,0.18580792,0.235191389,0.225528004
0.33247364,0.270126824,0.28003704,0.235748988
0.124219394,0.151104422,0.226712812,0.212439749
0.233694695,0.195339993,0.306948654,0.166612946
0.225520676,0.324000434,0.28493186,0.243224088
0.231246924,0.374848462,0.288284975,0.155705428
0.399312219,0.234511237,0.218145147,0.175279718
0.246317111,0.210909628,0.286579257,0.206141961
0.315210915,0.319421467,0.349333955,0.22220927
0.197926488,0.152816444,0.415003515,0.215737112
0.376030083,0.176697328,0.278471557,0.265291051
0.159556021,0.185767806,0.25731488,0.307179151
0.288319766,0.174799035,0.146489155,0.2105291
0.183360148,0.17567174,0.230747414,0.119838766
0.094826783,0.221189615,0.138329775,0.24524002
0.202982833,0.276962523,0.317944159,0.223200476
0.188922383,0.272486191,0.257110726,0.192436124
0.185901174,0.300604033,0.266172402,0.190258255
0.329498967,0.212901772,0.295703776,0.248020925
0.102952645,0.297844744,0.168105466,0.206852059
0.285095564,0.237830451,0.255278913,0.221293127
0.215308398,0.179921745,0.397246601,0.214856295
0.251202326,0.264192529,0.151569819,0.075667341
0.261470243,0.267549749,0.188127515,0.102969131
0.346032429,0.249888337,0.342386331,0.265376751
0.207085449,0.195896376,0.225953714,0.255094376
0.117437427,0.09754792,0.263692569,0.233236284
0.099113154,0.19095516,0.267513921,0.875978013
0.149851924,0.248006667,0.269452115,0.105486515
0.113062115,0.166978674,0.28841769,0.109571578
0.11640902,0.200469538,0.200447396,0.861414636
0.248380409,0.23734027,0.238709377,0.191659803
0.185105391,0.15273802,0.27800208,0.302232753
0.240493982,0.413801284,0.260762668,0.244367037
0.14712119,0.338252794,0.296435909,0.222407169
0.271714148,0.255697477,0.286210486,0.191312455
0.231160328,0.2844919,0.132270223,0.31639103
0.291822529,0.222552929,0.227650712,0.804730285
0.22862411,0.306595587,0.19864471,0.145782573
0.196681349,0.142976243,0.10215765,0.201239856
0.241542006,0.27671962,0.041831552,0.143022015
0.082906724,0.169344329,0.202734398,0.206097729
0.245005108,0.25109753,0.123887196,0.191550312
0.21754362,0.219792681,0.142003108,0.158280971
0.235407954,0.199816366,0.120754752,0.220094284
0.230670785,0.204162794,0.065685954,0.22579671
0.23710121,0.180053349,0.232641874,0.259063888
0.234179413,0.221319907,0.305575205,0.27893003
0.238804498,0.230786148,0.166337998,0.161257831
0.251663521,0.251624783,0.267733336,0.237717933
0.159603342,0.260535511,0.092122561,0.197265
0.383298892,0.236888065,0.376095445,0.253828055
0.252735627,0.147949761,0.241925796,0.125254628
0.178550365,0.099362317,0.095095304,0.245882633
0.298025242,0.251789767,0.255993888,0.209902337
0.144728102,0.252847561,0.408804952,0.319269776
0.290899471,0.148782256,0.273032542,0.248504663
0.237775254,0.139235441,0.299920854,0.199394565
0.263795115,0.094464737,0.265046286,0.166165026
0.303240885,0.040919912,0.314978621,0.149918932
0.243684285,0.067886362,0.361450813,0.167893133
0.15230145,0.132707447,0.324470335,0.236637195
0.130777869,0.054944591,0.136623,0.265492855
0.196781475,0.088958553,0.129188856,0.17218154
0.24271838,0.104254177,0.196922137,0.209795351
0.250247328,0.254063445,0.248822172,0.218886354
0.25431381,0.024270174,0.278396727,0.26830159
0.113578586,0.221330882,0.193661873,0.215261458
0.159457472,0.118694762,0.303296299,0.329020448
0.069084444,0.278871096,0.23056785,0.245889963
0.336631226,0.294242767,0.258780521,0.176064869
0.276189214,0.245758202,0.132187487,0.27746059
0.241840258,0.345308907,0.120073136,0.221052952
0.158242789,0.228485126,0.326308871,0.167233384
0.34524767,0.351864023,0.329791287,0.101126467
0.257887273,0.250065126,0.162994143,0.12911804
0.228857744,0.154999766,0.264093137,0.264645453
0.172290765,0.271909042,0.361253013,0.253267347
0.212446525,0.275246352,0.067058815,0.189998882
0.236998152,0.127517863,0.274882346,0.204489696
0.262751653,0.232928786,0.254748761,0.178789974
0.270156983,0.266908378,0.233983591,0.131807342
0.213040732,0.149889176,0.240232874,0.039924295
0.089234351,0.140913808,0.149993358,0.164441718
0.157452468,0.148842792,0.295457886,0.271582036
0.150234293,0.222986646,0.316296333,0.250988842
0.213718637,0.227432223,0.288068442,0.2988752
0.33065939,0.215857929,0.247151946,0.225756627
0.287638557,0.214143284,0.365004712,0.13467321
0.243649479,0.174064852,0.071213945,0.243590334
0.292500456,0.146929711,0.197554725,0.18156953
0.278161585,0.187646622,0.140618743,0.173816728
0.188257077,0.17253681,0.168326322,0.213891025
0.274814936,0.228161572,0.309877475,0.263116874
0.246125201,0.216362525,0.142831931,0.174765655
0.176354074,0.359044744,0.289103697,0.30396297
0.214860238,0.30932909,0.305368636,0.152579148
0.216963876,0.153847128,0.270085526,0.311404053
0.211987622,0.130522839,0.302459918,0.291084565
0.307052786,0.141877384,0.255181974,0.216142516
0.31893478,0.147168697,0.176177569,0.178647532
0.16810586,0.087013684,0.265380129,0.213179537
0.308505116,0.115513159,0.275125194,0.705134866
0.315335185,0.157779513,0.106298633,0.993416701
0.19937666,0.141504856,0.261227526,0.695732411
0.210656883,0.148574449,0.277332167,0.858137261
0.215079569,0.309863346,0.13731943,0.209842048
0.158852809,0.262586963,0.238484308,0.8957739
0.229343857,0.09916,0.156438653,0.640805042
0.231596127,0.287020526,0.143853762,0.861661162
0.298041203,0.29152422,0.181073295,0.711798148
0.286029456,0.195969877,0.342731724,0.146253253
0.284560292,0.281629756,0.129037705,0.23302496
0.231789011,0.281961995,0.301540037,0.201826951
0.263448016,0.29582126,0.143936866,0.250820526
0.269704979,0.34089839,0.295239903,0.23636026
0.198423963,0.207097414,0.139582395,0.169080226
0.178273585,0.347482633,0.184108528,0.212139376
0.189764986,0.105421433,0.325516507,0.226189382
0.196315416,0.238294951,0.120749292,0.224195577
0.170538471,0.242572482,0.211745388,0.231787091
0.229963771,0.080846048,0.199981018,0.187610925
0.223681267,0.166384954,0.227635181,0.134530564
0.297556214,0.191941442,0.369067626,0.184516188
0.279476136,0.125488672,0.25491509,0.32570868
0.288687744,0.123638183,0.272377659,0.236996174
0.149442212,0.122483638,0.316559026,0.260051747
0.287132493,0.194871764,0.1872397,0.891330265
0.213672528,0.243657159,0.250549264,0.891989683
0.154509778,0.239416049,0.296087868,0.198992387
0.233465075,0.258378219,0.324637073,0.90529286
0.230979914,0.209086588,0.239318715,0.146029816
0.194907743,0.284791174,0.106819234,0.077429933
0.101583819,0.218976531,0.317961662,0.091679066
0.215058157,0.289539036,0.343622613,0.087759802
0.20714443,0.225679121,0.195222912,0.14276345
0.181562955,0.155566591,0.298660425,0.253890839
0.239247289,0.092280773,0.219889656,0.894292506
0.265611775,0.10729343,0.374113179,0.162606281
0.128373977,0.193999036,0.284216186,0.227065386
0.167947202,0.134587657,0.269068318,0.011671424
0.2510531,0.118448724,0.243699676,0.178428728
0.211438082,0.313348387,0.253712127,0.30058106
0.127913808,0.197891468,0.18109955,0.117071123
0.182087678,0.117618258,0.211756492,0.21117382
0.193450764,0.233176394,0.193689416,0.060881606
0.194418908,0.301919865,0.137236737,0.149157143
0.213140111,0.175695698,0.219428821,0.176554461
0.171978372,0.282359184,0.223726553,0.236831857
0.138728282,0.253508249,0.232757521,0.198204313
0.107101743,0.253301004,0.187005144,0.137957654
0.156840675,0.26003372,0.178323364,0.728896593
0.234737025,0.297167793,0.130271465,0.239485369
0.099742242,0.203710435,0.300728312,0.289924218
0.296255762,0.262907944,0.272729005,0.300745159
0.252847236,0.107222475,0.334086087,0.69982952
0.24734831,0.080865259,0.200244471,0.233135176
0.19666765,0.164066828,0.317527655,0.344715304
0.305531601,0.169568929,0.358332551,0.272537994
0.219662371,0.273059176,0.265210173,0.155406256
0.299340844,0.238660737,0.353562053,0.023450032
0.275824886,0.257637243,0.255524457,0.149165242
0.081020592,0.181402526,0.243332389,0.251336828
0.277150942,0.386698624,0.165598083,0.220048106
0.092799848,0.115263002,0.251519462,0.232728474
0.145685169,0.21230441,0.230863803,0.071601681
0.180298874,0.088018985,0.218941609,0.254504607
0.116986584,0.241371161,0.097973317,0.164367118
0.066389296,0.165826625,0.255865361,0.152944527
0.340773534,0.284710847,0.141155147,0.185353665
0.343296906,0.308282201,0.082077285,0.115925943
0.072299757,0.187242984,0.196018507,0.187243386
0.227366814,0.235247658,0.172716078,0.225056116
0.050068164,0.130248811,0.397190791,0.170957295
0.285196836,0.244544959,0.249697811,0.251394725
0.21103866,0.172634909,0.176419674,0.211971121
0.235759375,0.060112635,0.28220809,0.27020324
0.259960256,0.081098216,0.270831768,0.289215654
0.273915204,0.2335721,0.284026653,0.240739808
0.301645505,0.223554051,0.218785492,0.275361578
0.333896837,0.087446104,0.133690544,0.248001729
0.148177671,0.149317833,0.317391711,0.223145181
0.291498906,0.225902649,0.290491157,0.165449404
0.185916067,0.258825855,0.242581485,0.172608344
0.237828027,0.144172348,0.24119837,0.1468168
0.289197242,0.230060189,0.272900163,0.157808781
0.191847958,0.191518969,0.341263292,0.228277994
0.25940716,0.18918161,0.310472808,0.131984477
0.256939572,0.284552322,0.119480124,0.224652
0.095223066,0.249195691,0.204256906,0.109672835
0.030493284,0.1079841,0.2964128,0.100975454
0.24212281,0.127756252,0.185679265,0.087701103
0.227532096,0.254535047,0.248686364,0.176036557
0.231736857,0.176167871,0.267725243,0.169892283
0.322788279,0.066255106,0.189273967,0.16944571
0.337562736,0.085325554,0.268081716,0.147672813
0.329979412,0.252347815,0.264245599,0.214034351
0.232940714,0.294146382,0.345572774,0.216340438
0.253436427,0.206364618,0.290586956,0.16746743
0.299541616,0.307225543,0.36135329,0.259102287
0.316954084,0.166954702,0.264028733,0.263381694
0.220652123,0.176013035,0.259395168,0.195158638
0.335701057,0.254389707,0.10031558,0.18235388
0.270445253,0.327808453,0.285641296,0.246052434
0.305889774,0.068935083,0.330478797,0.234248224
0.260811058,0.228328812,0.25777762,0.149556264
0.15188579,0.090354431,0.212438072,0.786802048
0.32780173,0.262658691,0.284990261,0.303196376
0.551889377,0.339108628,0.162582278,0.163206302
0.578992495,0.246711244,0.319261785,0.694594338
0.59260569,0.240213941,0.242757018,0.139363116
0.17335414,0.15613027,0.312645749,0.111317618
0.182157877,0.241016813,0.210324761,0.156151669
0.224284365,0.323936167,0.086913247,0.225082226
0.161303352,0.094144868,0.265805906,0.230233902
0.237738799,0.263309978,0.210484476,0.275829875
0.148414576,0.232427821,0.253026622,0.075685939
0.261572339,0.166958223,0.240972408,0.126696565
0.203457448,0.334282741,0.242112113,0.129056734
0.221411825,0.329601057,0.297860658,0.175116203
0.27904477,0.368200888,0.268219412,0.112467905
0.233835222,0.279223495,0.113276459,0.191977632
0.146598546,0.237841114,0.094164495,0.193871792
0.240230728,0.329110479,0.386724771,0.142410059
0.237159367,0.334028359,0.179241181,0.283567032
0.246763183,0.326735434,0.3293738,0.145984383
0.317943037,0.334066954,0.294890972,0.148907457
0.350249112,0.182751735,0.339554042,0.238046034
0.168910717,0.201032342,0.30514832,0.204227507
0.24121314,0.309425446,0.315541441,0.156949633
0.17138384,0.310388864,0.276591879,0.244739604
0.186206312,0.139252639,0.150592286,0.268204447
0.389052498,0.287355498,0.270222967,0.277079349
0.237363182,0.250635617,0.307934654,0.189422922
0.364266775,0.318979021,0.361629053,0.112461791
0.213295508,0.139974032,0.287734504,0.102925898
0.295941218,0.220771591,0.283664383,0.261905067
0.276634339,0.164045868,0.198215117,0.1174999
0.263030752,0.211152495,0.306334731,0.222569551
0.130063807,0.134866282,0.297843899,0.223023398
0.447410146,0.131495115,0.293904976,0.19677726
0.199943839,0.368895586,0.177788975,0.255279232
0.375304338,0.241636025,0.303193292,0.260971386
0.187529386,0.220783224,0.257865605,0.165812822
0.262014554,0.221978681,0.315043883,0.219460227
0.326996342,0.25929163,0.249261549,0.232779733
0.208542412,0.143770967,0.305242282,0.246851897
0.327018764,0.29126185,0.10527671,0.274859221
0.225636021,0.216639992,0.137726874,0.291541265
0.267460691,0.200326593,0.191222883,0.211489059
0.239370803,0.219582472,0.356782159,0.198010993
0.190164506,0.255260542,0.089579521,0.149725147
0.247489611,0.163071998,0.238066044,0.266433863
0.244958418,0.136387869,0.234423231,0.197507899
0.248232677,0.296423546,0.124220916,0.135900167
0.240194944,0.208975261,0.314117724,0.289845421
0.256873305,0.316882156,0.289948104,0.274565396
0.19236218,0.247051673,0.228336558,0.20071582
0.325697036,0.279999217,0.2714843,0.235405957
0.132867308,0.197620355,0.222116195,0.246654548
0.307745628,0.176365816,0.171710961,0.259827987
0.168603118,0.168284637,0.194087773,0.268749693
0.094083279,0.1054909,0.281871874,0.257573537
0.291175627,0.266044796,0.150759401,0.219785581
0.239958297,0.105026894,0.214616747,0.232536654
0.158795141,0.237823542,0.27133646,0.210095302
0.13624773,0.234810776,0.295575261,0.235303616
0.268024141,0.176659754,0.296243882,0.229712391
0.284631496,0.201990542,0.258522888,0.293568571
0.308537092,0.298067001,0.341918446,0.266721791
0.23944516,0.269496638,0.239249877,0.041024661
0.329467169,0.282893718,0.261031419,0.287074178
0.211778009,0.271390157,0.179663072,0.303078994
0.113099803,0.230751036,0.148490267,0.273636534
0.305033321,0.152075881,0.077821832,0.259189811
0.26684458,0.1631488,0.242559232,0.088250487
0.158584282,0.096915213,0.186699717,0.349458212
0.232566115,0.23251881,0.396368695,0.299501555
0.272410863,0.190677325,0.373070612,0.245268542
0.085231134,0.220659949,0.190182987,0.284539355
0.298152634,0.164524692,0.282096661,0.314760147
0.198888753,0.177898716,0.312567737,0.85663831
0.1230748,0.262027595,0.235227212,0.119346157
0.12182674,0.179449687,0.145906675,0.259054107
0.130996736,0.222741996,0.28372914,0.194019353
0.110626979,0.150132544,0.19081677,0.292481102
0.136700342,0.203954168,0.316098697,0.196723044
0.13005043,0.196818011,0.240555817,0.154071672
0.362476094,0.181794524,0.309458721,0.259950771
0.389323764,0.154224276,0.333698541,0.244272652
0.358882469,0.198900615,0.242354841,0.239606809
0.345713249,0.277342408,0.204373207,0.086785093
0.131199581,0.307996488,0.257081077,0.132238326
0.081462061,0.189563619,0.265644261,0.202828716
0.197437198,0.101071318,0.238455411,0.229868057
0.197442755,0.29835839,0.220931693,0.214203708
0.15391703,0.249019351,0.362524807,0.154603596
0.141397903,0.512287353,0.25897112,0.118820058
0.161562733,0.263370329,0.257248237,0.280604581
0.343608883,0.241656077,0.331430553,0.188920594
0.288681554,0.252424924,0.206872693,0.231784549
0.273880231,0.278288851,0.34640177,0.119874986
0.253950108,0.192953419,0.24232302,0.229634569
0.240915789,0.292335744,0.280819673,0.286083115
0.215852379,0.131988624,0.096950732,0.137989666
0.08427523,0.337634432,0.356192859,0.153082738
0.155675121,0.275461604,0.218683238,0.344859576
0.199838745,0.152262896,0.374602692,0.328578124
0.202630394,0.255003266,0.1432971,0.340848955
0.24790493,0.236207893,0.176690203,0.114128412
0.25786924,0.242667238,0.203634462,0.147667969
0.247518576,0.289385377,0.186648083,0.152864188
0.121061383,0.198893099,0.211978311,0.332582936
0.123557625,0.157004877,0.241940606,0.290552638
0.238254212,0.087979216,0.309980562,0.220371693
0.20936768,0.094371902,0.250957318,0.173019002
0.248033432,0.10687573,0.313935417,0.248997319
0.270911443,0.229868561,0.272346428,0.746856809
0.245713677,0.400252352,0.37489688,0.306873831
0.210699109,0.189987265,0.226096221,0.264993663
0.304633679,0.193029066,0.315354008,0.36608891
0.442864548,0.261616952,0.289284629,0.137668777
0.146582666,0.170848495,0.098220414,0.143014393
0.348859916,0.205752577,0.10896697,0.142967208
0.253402178,0.25976976,0.376161331,0.202424042
0.127619486,0.164551843,0.277317909,0.076131607
0.114042277,0.206542341,0.132796745,0.163205558
0.096564087,0.157759362,0.283437952,0.15760385
0.238103423,0.208395057,0.183461907,0.214354578
0.19795636,0.230729105,0.194936177,0.155511502
0.227728065,0.167752891,0.226953823,0.260252252
0.240202477,0.19620955,0.195977859,0.291252351
0.218549913,0.193266304,0.198024489,0.229632972
0.106395925,0.171089323,0.185973233,0.200770523
0.098825175,0.168019493,0.309562149,0.221678654
0.111812013,0.188023409,0.243864207,0.171692682
0.469110842,0.198239499,0.232196675,0.193017559
0.231167228,0.235043706,0.434702754,0.101087549
0.218421468,0.129587568,0.290131538,0.334706327
0.141251863,0.111292464,0.18953543,0.259904749
0.082371469,0.076876361,0.206784998,0.305083937
0.364769653,0.219812464,0.153138694,0.31851791
0.278646495,0.357197768,0.209304116,0.148269036
0.280955085,0.235899496,0.209875515,0.235557774
0.256887125,0.245941843,0.156545157,0.20359113
0.26956223,0.182638951,0.205218084,0.168943387
0.159397737,0.235780548,0.298818686,0.108958816
0.241319258,0.158494052,0.236894825,0.148022236
0.219154544,0.213447434,0.322500735,0.230271158
0.234074512,0.125116542,0.268195994,0.232488283
0.386527734,0.157418966,0.180685347,0.157544147
0.482725649,0.263545725,0.264732425,0.251810624
0.280160718,0.109341716,0.313807048,0.218048545
0.313390194,0.229142547,0.289503702,0.252471971
0.188328596,0.27702494,0.145370972,0.055213416
0.117067078,0.195619422,0.116174065,0.075959074
0.256393276,0.213394109,0.171840742,0.174620243
0.277180458,0.244719175,0.061602978,0.188646283
0.237842061,0.222966856,0.234531822,0.207952505
0.267177033,0.242749732,0.225856435,0.174416853
0.248756695,0.243439082,0.300551659,0.156037214
0.295630682,0.257312824,0.210105469,0.103339055
0.228390564,0.253058326,0.340036773,1.111550952
0.286107555,0.224417063,0.14688058,0.031697161
0.342318582,0.230234837,0.344552706,1.0410715
0.333444406,0.284954701,0.248689156,0.17770107
0.173167012,0.236414835,0.336965487,0.139082355
0.137819627,0.232176416,0.251617072,0.089903482
0.123657842,0.149656933,0.293349577,0.062098674
0.438555327,0.185505369,0.325475777,0.079024205
0.259207299,0.266670052,0.36901377,0.144807046
0.263159436,0.184505938,0.220224586,1.04476839
0.138007693,0.286700751,0.225221139,0.212666368
0.357991824,0.206752023,0.26664389,0.192558108
0.191487487,0.166063608,0.265155426,0.225478813
0.271082355,0.36846219,0.148298137,0.243354131
0.280590175,0.244842281,0.116020786,0.212007232
0.168551482,0.211219619,0.282619186,0.204806208
0.161540484,0.220719128,0.195840933,0.313448219
0.223527141,0.214902725,0.326660751,0.040970308
0.168559841,0.21906894,0.298896355,0.157704114
0.131268842,0.237274362,0.339656125,0.181705641
0.170480053,0.186582807,0.308714677,0.21490538
0.057531184,0.328526847,0.234854371,0.226495805
0.172405935,0.255387067,0.24075557,0.052866156
0.279127692,0.271820412,0.43479982,0.193551196
0.170501029,0.303467748,0.315615758,0.252978439
0.31734574,0.238444564,0.406383459,0.235182077
0.308779788,0.055948048,0.400957601,0.273440279
0.250845061,0.399650475,0.210805313,0.256504471
0.228799885,0.267388687,0.196215102,0.138485123
0.349234413,0.22958755,0.223433779,0.247240128
0.145210861,0.172831835,0.202028045,0.2145261
0.12383665,0.166792688,0.264745285,0.143068754
0.304019071,0.230423054,0.249566058,0.196275779
0.316057345,0.18958019,0.24928277,0.140233541
0.153938025,0.115023825,0.340956496,0.19024359
0.145157389,0.183323766,0.261419075,0.206497982
0.171835433,0.216116003,0.37730588,0.157332051
0.265307252,0.254389475,0.330621817,0.21494039
0.268170132,0.163186044,0.288936418,0.381580217
0.15578214,0.091044429,0.19199148,0.318767888
0.134955058,0.246074135,0.420137628,0.936482269
0.31921393,0.34110105,0.286217089,0.159034493
0.252869115,0.252728776,0.129956038,0.217361179
0.29526752,0.430732178,0.147417718,0.960245493
0.313747689,0.479549534,0.158455488,0.173995317
0.157822736,0.407549186,0.279936123,0.197644863
0.14307062,0.181969499,0.300895881,0.323180701
0.133598422,0.208525432,0.32341421,0.147696816
0.150360714,0.264716542,0.225523898,0.16357627
0.181954107,0.165847522,0.1518468,0.203131789
0.107569915,0.179213268,0.144781602,0.171282426
0.337620995,0.20491761,0.193018647,0.317636027
0.135958488,0.321009529,0.229784834,0.305175212
0.28168121,0.298777734,0.237013769,0.109834
0.307718521,0.102588292,0.154746631,0.202233145
0.359367291,0.455261452,0.410945931,0.121916142
0.292822167,0.209367613,0.227842745,0.16605507
0.321055332,0.232502595,0.179273848,0.236583477
0.33393516,0.256698899,0.242745081,0.285878982
0.3445399,0.257544563,0.208477895,0.284879848
0.256565913,0.235882818,0.138909865,0.230154265
0.204593572,0.2559876,0.232476016,0.250700916
0.165449389,0.121210348,0.264639729,0.135249462
0.147515323,0.27700462,0.29767572,0.081064633
0.27105431,0.239904947,0.22118416,0.279571104
0.260629866,0.244459203,0.337079371,0.255669316
0.15097625,0.038714547,0.043626629,0.074448725
0.30670619,0.048066645,0.358165492,0.092821525
0.281095618,0.494482775,0.318595104,0.259863306
0.23216085,0.178071144,0.217965611,0.270941074
0.239478482,0.233133343,0.192943654,0.241767549
0.224307114,0.230647568,0.143759484,0.218521885
0.217163802,0.207031438,0.276001875,0.114839955
0.197921114,0.225503835,0.342075013,0.145025806
0.212719109,0.101001498,0.081818957,0.884177722
0.206074844,0.1572412,0.172659668,1.016992401
0.254919719,0.131966922,0.114357926,0.200563063
0.133302016,0.280762146,0.362807127,0.168869626
0.251884744,0.199879098,0.400826683,0.933356992
0.30605997,0.229875145,0.35159537,0.922220723
0.21944386,0.142799276,0.187546221,0.829501618
0.160249891,0.259172993,0.161052175,0.178150902
0.150032281,0.204084829,0.23210666,0.077002414
0.163923224,0.155518923,0.260998692,0.05858576
0.247951205,0.105583628,0.114711575,0.070176902
0.265480335,0.383138031,0.084022124,0.063282784
0.280994536,0.400223063,0.2198694,0.05478416
0.345977028,0.247253568,0.220143857,0.065795888
0.11679455,0.203143632,0.241272801,0.161602593
0.188952274,0.159824605,0.308761381,0.104586534
0.369424465,0.841781722,0.230090527,0.222682487
0.244281267,0.415984103,0.139651564,0.165533138
0.298735524,0.331633124,0.302349189,0.232708651
0.269864748,0.334512706,0.187675993,0.229275925
0.282239241,0.189421012,0.294208562,0.111097867
0.250032496,0.168549104,0.298165973,0.154190158
0.296757874,0.303260767,0.221102062,0.0638749
0.261209475,0.313993878,0.070852674,0.070732115
0.335562873,0.285596625,0.322211809,0.940839446
0.164771425,0.42108681,0.213301452,0.123438742
0.310236174,0.256420283,0.201417863,0.135411184
0.129112356,0.292267301,0.288354197,0.766697633
0.224147547,0.266133271,0.088702754,0.111703945
0.292231275,0.119813727,0.284775748,0.291400189
0.296462907,0.193165445,0.139024949,0.087620391
0.310545626,0.273578697,0.358032388,0.292452761
0.133426293,0.117709143,0.362464612,0.12841175
0.14995055,0.238173226,0.28502281,0.173615366
0.137848954,0.201366161,0.147102741,0.573402207
0.103264536,0.498220805,0.35550109,0.266382994
0.208497669,0.371852681,0.307703757,0.241824985
0.339042436,0.136729103,0.329354773,0.137448898
0.157583302,0.484048754,0.371934685,0.230800487
0.103729067,0.246952076,0.210633449,0.202203665
0.062483847,0.389291779,0.266722175,0.20133227
0.070171882,0.515151169,0.299784038,0.153973361
0.151813106,0.152958227,0.149473646,0.133625559
0.283563915,0.49630783,0.237314174,0.099452797
0.303954787,0.570902032,0.33820849,0.122209565
0.243767076,0.45840741,0.2751666,0.133742545
0.235335402,0.222273384,0.190746367,0.136889361
0.31964166,0.248686465,0.134302019,0.249346804
0.10729109,0.244420975,0.124474746,0.253501051
0.360778584,0.255527415,0.172413714,0.318895789
0.373538204,0.265436692,0.324405847,0.199782016
0.195295155,0.092248853,0.303723573,0.297515984
0.279235614,0.251132762,0.087466737,0.25762246
0.197077104,0.262347697,0.40130404,0.234295558
0.188394881,0.230501823,0.173487239,0.53960072
0.136380643,0.105202766,0.314003141,0.536360535
0.225147503,0.0728278,0.162034538,0.221992072
0.19548466,0.197165433,0.239494903,0.107753251
0.267486447,0.157930063,0.26382676,0.956790956
0.194151295,0.271424473,0.200343502,0.334587835
0.185594952,0.217877203,0.32574091,0.240921409
0.190078474,0.254449031,0.279770619,0.951048487
0.183941654,0.212290258,0.246111175,0.929250856
0.213599207,0.214347168,0.296424385,0.224889024
0.248998991,0.183896127,0.346151462,0.223207538
0.250219861,0.192411394,0.413554862,0.162944336
0.219696732,0.23049245,0.271804986,0.259961873
0.16236511,0.186624647,0.204297752,0.214161946
0.253663834,0.212897292,0.191484164,0.265077746
0.223889942,0.190582988,0.283676471,0.070652704
0.222162707,0.19810888,0.278108409,0.249147727
0.096020084,0.212004568,0.135288448,0.129535324
0.225311286,0.213899557,0.264363911,0.220812822
0.219634945,0.287371982,0.244324754,0.242911995
0.35617624,0.202231533,0.327841303,0.181046554
0.23788851,0.219527434,0.370570054,0.12488839
0.187949704,0.227865156,0.225508873,0.17943228
0.14985291,0.162780879,0.233893252,0.146699677
0.142909765,0.114010795,0.198703273,0.289169719
0.178610456,0.272667762,0.189538337,0.265621347
0.156426507,0.258967693,0.291142641,0.285632479
0.167583248,0.1505397,0.337767476,0.610135884
0.167418936,0.290764195,0.241611489,0.122189237
0.163483337,0.223906188,0.240040245,0.155258591
0.093320778,0.218640267,0.247523005,0.145465227
0.282689714,0.233827869,0.323871299,0.133829251
0.249264196,0.197017666,0.300907477,0.162424176
0.243891374,0.184175036,0.329095413,0.145510304
0.250344715,0.224247537,0.170270092,0.325376493
0.268784828,0.213888675,0.283072283,0.129653457
0.299209575,0.280713698,0.22775349,0.100833711
0.0775764,0.252853241,0.350722993,0.156783684
0.306500847,0.13673271,0.288917043,0.172358671
0.295079627,0.166300612,0.208634452,0.294611493
0.280430405,0.237165417,0.379376553,0.207569274
0.280556038,0.166030867,0.328237132,0.225450196
0.109224977,0.195916268,0.193192569,0.166019093
0.080161767,0.19216852,0.211676364,0.213249778
0.337108643,0.087690158,0.29519864,0.171814319
0.225299347,0.091043109,0.245947932,0.212893531
0.240105107,0.178657053,0.414823221,0.16138754
0.228027574,0.199448284,0.30216799,0.217654916
0.258467747,0.188226609,0.205520142,0.190116155
0.233905181,0.285528147,0.253053012,0.174784695
0.268608772,0.169919359,0.416843241,0.224737725
0.177497205,0.146428636,0.337471749,0.167590443
0.10692559,0.219188918,0.224119773,0.214210486
0.120119204,0.275839475,0.13724466,0.245495176
0.130175003,0.245220021,0.218713607,0.218387708
0.132220358,0.242738866,0.249997002,0.23907735
0.111079434,0.146363736,0.239048945,0.237399
0.115135711,0.174045513,0.371529622,0.134044506
0.123906173,0.21976331,0.37545104,0.148263673
0.130254543,0.21166969,0.215603475,0.167791362
0.112284429,0.164328087,0.319616746,0.237317959
0.090534158,0.218332521,0.213702891,0.190159378
0.17880574,0.21802406,0.174675155,0.173441575
0.207505099,0.221739204,0.256068753,0.164433109
0.124010652,0.199752675,0.173417079,0.15222274
0.197548599,0.214634847,0.204895025,0.251310062
0.303039761,0.236210769,0.08416335,0.237738706
0.302332043,0.207567338,0.245007263,0.187716818
0.276541108,0.167259125,0.310163998,0.517931249
0.096157069,0.210314434,0.316257072,0.14441723
0.168186883,0.266636325,0.303635826,0.140823765
0.299499548,0.075407591,0.270498369,0.128787952
0.068697486,0.194936277,0.262250989,0.897160402
0.231566553,0.198361837,0.237235346,0.206756667
0.35614888,0.10646621,0.192078128,0.167638199
0.25034851,0.217517899,0.245278347,0.157908855
0.273701085,0.146751142,0.133678306,0.109498506
0.302557508,0.199425598,0.207951316,0.286855568
0.280789024,0.20713308,0.329831902,0.168064443
0.260390256,0.173044349,0.301909632,0.13267467
0.181740229,0.258078473,0.063574437,0.178984551
0.305150744,0.229239436,0.179693186,0.291700768
0.283986314,0.118398855,0.23603957,0.839263832
0.109832603,0.164756356,0.266385545,0.157520059
0.264008482,0.192116486,0.386466488,0.452040074
0.248076225,0.084752619,0.282338133,0.178800828
0.28578501,0.143841059,0.215336043,0.649620446
0.265645674,0.281156356,0.131849005,0.135045525
0.235872512,0.187033709,0.194955553,0.098092133
0.258446491,0.185577917,0.341362531,0.117085374
0.296692619,0.199478948,0.295005231,0.14015442
0.308843148,0.255485149,0.236893849,0.728733928
0.226647887,0.229839506,0.249672406,0.164045467
0.265052162,0.208279222,0.272295132,0.386523553
0.289211115,0.274105986,0.229898203,0.149560676
0.288560191,0.213349053,0.270203128,0.095235237
0.267318004,0.303380568,0.225600117,0.176848148
0.179943341,0.317163261,0.11828929,0.115565076
0.177346866,0.300842828,0.191802255,0.134559382
0.172172413,0.261497522,0.345146566,0.226228232
0.31537773,0.288038109,0.353594102,0.192031603
0.325444805,0.077144947,0.283818716,0.401630974
0.18266056,0.241433957,0.255821124,0.269364107
0.215537385,0.292711405,0.252658553,0.28479009
0.165679646,0.387867218,0.289142602,0.211996017
0.192471215,0.348586558,0.250211916,0.246833467
0.081161456,0.324076737,0.277497875,0.264300896
0.308638078,0.133465262,0.290127721,0.167131991
0.35078766,0.109637892,0.220487234,0.192310587
0.339418316,0.185566903,0.347314573,0.202376444
0.398574009,0.194064042,0.31650322,0.177697871
0.145380952,0.26793283,0.337495538,0.256812131
0.380913313,0.218518325,0.348404721,0.261823878
0.340196311,0.058934888,0.161387089,0.348898583
0.125306044,0.343681608,0.348470029,0.252239764
0.261223434,0.219358963,0.225113144,0.243332469
0.221263626,0.064103503,0.27885693,0.208607703
0.409802001,0.229402711,0.220276732,0.21075944
0.393986613,0.229360361,0.144641009,0.265072157
0.340299156,0.174307006,0.164620164,0.27049838
0.249677646,0.206618566,0.202706973,0.263933028
0.187166943,0.190027542,0.281333193,0.199146593
0.226969538,0.289174521,0.151800661,0.172806649
0.184386728,0.247566491,0.135699807,0.175807545
0.215759052,0.221174143,0.224150285,0.227729393
0.186052296,0.228332337,0.343828758,0.193131552
0.221554803,0.186085911,0.298492194,0.118000512
0.20094279,0.23847414,0.137628635,0.11150783
0.171317513,0.224904749,0.228903146,0.218756002
0.194871611,0.237479852,0.311664575,0.164663362
0.356141201,0.236906971,0.393684338,0.167223737
0.206295468,0.310720184,0.240301807,0.223214327
0.167203901,0.304488831,0.178577799,0.187007572
0.097334507,0.199607038,0.320839502,0.158078045
0.306932206,0.214601284,0.130604488,0.290867698
0.233216871,0.151671309,0.247142699,0.114382647
0.264397916,0.27891295,0.198789149,0.249579705
0.123832101,0.198032745,0.188540902,0.181252467
0.151116108,0.261562576,0.315983319,0.167263975
0.206682304,0.207551003,0.24311946,0.144484245
0.317463813,0.171299207,0.209545685,0.180340244
0.173879809,0.207331669,0.119052688,0.254059285
0.35274082,0.194595308,0.29045765,0.232957007
0.223761855,0.230400415,0.157153556,0.180938521
0.366787397,0.245245383,0.165817881,0.179687334
0.400670974,0.179372639,0.167613092,0.271177962
0.301570641,0.280979531,0.34526843,0.123814319
0.203963056,0.282017713,0.315996178,0.153959532
0.299110616,0.210806668,0.278846193,0.117954022
0.347963277,0.111843111,0.302179161,0.281498094
0.293172101,0.260178904,0.289324422,0.281911262
0.333583251,0.210315486,0.22032898,0.170497484
0.350048281,0.283981998,0.124379594,0.199050988
0.145775794,0.160477974,0.171592305,0.302980592
0.258791438,0.426571467,0.143632496,0.169316136
0.207507235,0.159761864,0.1472268,0.183920592
0.280841489,0.145524203,0.348890709,0.169490386
0.184162745,0.288790392,0.291779434,0.162338136
0.20857461,0.365186962,0.315366968,0.261636063
0.196151482,0.278178581,0.360077298,0.288370685
0.273421054,0.284102509,0.283656036,0.091516306
0.260043818,0.257233518,0.274100017,0.204750126
0.224412678,0.106089713,0.055330431,0.223376747
0.34969705,0.1585154,0.245348701,0.210382146
0.350321195,0.332634602,0.215044248,0.261054082
0.460290361,0.202711497,0.207380563,0.223612761
0.14774656,0.263527614,0.211319045,0.223458028
0.175284911,0.117612935,0.291666025,0.09499875
0.183198779,0.286108771,0.317646213,0.100251169
0.184990447,0.245171145,0.334318996,0.170096239
0.248938139,0.305740389,0.355432952,0.138781045
0.144432071,0.245131976,0.289968354,0.197048
0.118615458,0.158825838,0.135408206,0.192306014
0.345347658,0.158863121,0.090478987,0.173348919
0.163884035,0.201902467,0.204508139,0.213063033
0.274412118,0.235556764,0.283965942,0.231841391
0.148545808,0.214804212,0.329980674,0.258299458
0.230136252,0.184317001,0.320119487,0.155112779
0.239520588,0.206607079,0.349879692,0.146540779
0.283798857,0.210841324,0.143505439,0.220634189
0.303557992,0.182815069,0.319775832,0.153604369
0.636068454,0.285549267,0.226480081,0.196063507
0.208367343,0.160588118,0.137303477,0.136417369
0.233516037,0.131106275,0.331057784,0.153375952
0.318216016,0.178672872,0.273071582,0.244572154
0.431525215,0.11813596,0.261264179,0.359565031
0.254005355,0.093146791,0.163355737,0.534519599
0.278065708,0.144668784,0.214530108,0.222207579
0.254790569,0.203318337,0.303900725,0.189759127
0.156371248,0.165121516,0.288152205,0.770959306
0.222589769,0.316991158,0.360166881,0.186040287
0.206979484,0.275476714,0.199539439,0.260999166
0.112713884,0.122852736,0.14972057,0.194266675
0.162924066,0.165253799,0.278465467,0.248784669
0.171330191,0.180235103,0.209729504,0.227786483
0.307187209,0.145157047,0.296775497,0.198937088
0.192208582,0.127042145,0.201402006,0.142867853
0.368157406,0.223443126,0.404970371,0.161971014
0.145269212,0.217799694,0.117881235,0.148269111
0.261125437,0.242208892,0.301732111,0.128436969
0.377611281,0.284475223,0.412222571,0.152749598
0.26604808,0.268563398,0.272133193,0.142026023
0.375527923,0.203735217,0.275143166,0.11402342
0.345610405,0.195796078,0.234558997,0.235192984
0.24414192,0.251721939,0.297454554,0.253726024
0.348434914,0.23915166,0.333806661,0.237743802
0.266670746,0.181872341,0.087748705,0.156210828
0.274790258,0.254325611,0.309159435,0.23509234
0.267853877,0.16199152,0.228536223,0.188884759
0.284721136,0.250607981,0.271095142,0.293757331
0.152913383,0.151308403,0.233723249,0.255762232
0.258797261,0.136299994,0.265287247,0.11783367
0.158944641,0.315161394,0.230354961,0.262237208
0.176704752,0.257874972,0.110155792,0.191628924
0.14356832,0.279800852,0.290146572,0.786812864
0.15307454,0.205869939,0.250640933,0.786561655
0.200308868,0.130846444,0.315355087,0.24749617
0.205783148,0.225426242,0.369808981,0.151673995
0.296196729,0.187466353,0.264983668,0.265963555
0.374183651,0.211795724,0.149395959,0.652885189
0.256003594,0.283984972,0.122926625,0.781394367
0.180222565,0.293257616,0.134303467,0.157743612
0.22902506,0.171963655,0.285376458,0.2065658
0.276510172,0.134993352,0.12135836,0.247518981
0.284632943,0.235754054,0.230628468,0.224448214
0.227268892,0.253655773,0.254377671,0.20336298
0.308791737,0.208501084,0.184871326,0.139929242
0.191596212,0.189924304,0.342500806,0.178510228
0.338864301,0.169749113,0.250042006,0.182650661
0.338112884,0.228508217,0.235130132,0.228695572
0.538687139,0.381892271,0.299185982,0.213595122
0.280536169,0.376474037,0.282284616,0.246832563
0.305865505,0.201404973,0.134289628,0.631289653
0.325432431,0.313393558,0.365929641,0.052702054
0.31497122,0.223972486,0.24776209,0.130288268
0.312757392,0.247415901,0.221192298,0.87985748
0.237102795,0.246414166,0.267087165,0.23013855
0.27580027,0.26592147,0.258444691,0.267155007
0.120595746,0.23713665,0.19402239,0.140440672
0.42088627,0.236298755,0.197786068,0.692641066
0.248030573,0.235739562,0.309939974,0.753775711
0.347117317,0.126807063,0.407913325,0.745402629
0.237012782,0.145600687,0.309557367,0.693049617
0.099832066,0.232090492,0.198433958,0.158083737
0.183121189,0.182032549,0.242466616,0.154234862
0.222236632,0.150051936,0.162417766,0.175998595
0.131051309,0.204277699,0.316829497,0.678985308
0.267833188,0.156903539,0.253775081,0.666741149
0.281928524,0.216716362,0.17201741,0.208831703
0.246631965,0.216156463,0.238589767,0.175928616
0.134995285,0.276414556,0.259180971,0.246668566
0.119933384,0.269032819,0.034760769,0.239487226
0.291986321,0.203515582,0.156404687,0.199394941
0.266146306,0.191938437,0.209483201,0.244007337
0.288108581,0.111569122,0.150645027,0.343808832
0.194232309,0.107076275,0.257581418,0.357988183
0.295439757,0.217088124,0.21967148,0.128901685
0.299611628,0.306463916,0.16491538,0.141192263
0.292479902,0.223803338,0.179676406,0.127272498
0.162521593,0.140163823,0.249789026,0.203090094
0.375550733,0.261296866,0.359499381,0.161256955
0.246210033,0.254542049,0.183248017,0.183310113
0.169477276,0.206740865,0.197133583,0.231456589
0.219401985,0.138416743,0.152010028,0.153347715
0.160213116,0.147237254,0.17968047,0.210518336
0.317350424,0.146728106,0.142899339,0.178507234
0.228128095,0.266390952,0.195870306,0.151944109
0.27430369,0.191942199,0.238321255,0.155959863
0.250723228,0.104977022,0.278901125,0.129247308
0.270530364,0.164218284,0.222360699,0.172780938
0.288430826,0.254337036,0.224764996,0.169414673
0.285177401,0.171997197,0.245741616,0.156264067
0.167158952,0.184886603,0.176325274,0.22366238
0.360847332,0.20644297,0.151299832,0.230462831
0.234982219,0.168904022,0.405718184,0.15931451
0.247672875,0.130538674,0.287111579,0.277194959
0.28081812,0.233456346,0.329400304,0.259800625
0.21410197,0.261948501,0.309486652,0.283053497
0.135026937,0.225792847,0.320130676,0.950058732
0.318772241,0.299923001,0.236122813,0.779894765
0.150181478,0.190010116,0.331185724,0.228662298
0.258843489,0.211132561,0.221720332,0.139962688
0.147034312,0.180127417,0.316762876,0.111396785
0.299102687,0.235318783,0.218601658,0.087146405
0.259158839,0.303799721,0.19601667,0.098628327
0.191164893,0.258270255,0.237566563,0.902668632
0.338324086,0.252058164,0.25503761,0.200003218
0.246356941,0.292954973,0.213801216,0.171995285
0.23393621,0.21651341,0.311992534,0.156562067
0.306779814,0.254397688,0.441946863,0.137388136
0.333525954,0.206659737,0.20320693,0.220353279
0.349495786,0.090488029,0.156230325,0.192626077
0.37687775,0.182777238,0.313199327,0.148506982
0.159621191,0.155308211,0.261286707,0.167448298
0.158348281,0.144890632,0.239056459,0.154777274
0.342799852,0.162393312,0.194063958,0.271295545
0.347574687,0.185577177,0.158126869,0.127637091
0.396080125,0.17163328,0.239195559,0.176118056
0.246540381,0.236408673,0.247169193,0.843609297
0.227063653,0.22734287,0.130606797,0.257237524
0.236107925,0.220748981,0.188725791,0.247999788
0.258890378,0.252860793,0.121823208,0.905150911
0.218421061,0.208324657,0.290351147,0.286893475
0.189690737,0.264663633,0.321291621,0.173935535
0.250798405,0.107278652,0.291743339,0.157086058
0.211651371,0.209093228,0.246550183,0.155729651
0.226162117,0.211340346,0.175017589,0.203081229
0.256838134,0.216999587,0.288303535,0.112934894
0.137727416,0.190190835,0.023881104,0.182394868
0.221516876,0.176423383,0.339755986,0.202462941
0.189641153,0.258253991,0.33658575,0.849827994
0.228095801,0.217950378,0.132831404,0.141208295
0.191919104,0.24865568,0.148636603,0.149937115
0.307684827,0.278659687,0.175382019,0.172025849
0.294105329,0.229541215,0.179153393,0.202729528
0.265853062,0.229856694,0.213842756,0.282823646
0.22437277,0.246382652,0.32610899,0.290281361
0.230848902,0.246263675,0.423800039,0.277264628
0.187839734,0.242972926,0.454221999,0.911475746
0.175932914,0.340356901,0.231127844,0.224053429
0.294854283,0.220712198,0.240858394,0.268898703
0.213862208,0.209724387,0.251795774,0.206354431
0.094462915,0.227276658,0.195936944,0.142299822
0.076014593,0.213524245,0.179402721,0.184602531
0.09942522,0.247361997,0.224397439,0.297412994
0.299363279,0.192382817,0.372430756,0.242003308
0.202881487,0.232772582,0.257712465,0.132341181
0.246868071,0.214143696,0.289367036,0.143520479
0.27142293,0.099996771,0.266668744,0.235729435
0.292773903,0.18866742,0.185679765,0.249745144
0.310649505,0.175033421,0.237220412,0.160688019
0.190120065,0.171307062,0.250714434,0.189000805
0.185090948,0.247805997,0.223853846,0.162813112
0.052811174,0.228701408,0.198385465,0.233188638
0.133477359,0.241994424,0.446472669,0.223412369
0.149618303,0.226399967,0.218862112,0.175932992
0.264822397,0.214936602,0.287792017,0.142270347
0.088340213,0.212113254,0.326884356,0.140376368
0.1382275,0.220497986,0.25519793,0.110624257
0.353129424,0.217756903,0.201149073,0.136085149
0.171870508,0.215276142,0.265414225,0.148147628
0.316704668,0.233645506,0.285877459,0.14780712
0.327659843,0.211570562,0.26532075,0.2469196
0.017542755,0.139281859,0.201808437,0.192649536
0.078476135,0.130328125,0.136680557,0.125093102
0.101708333,0.341524968,0.299346454,0.114455267
0.123058199,0.278823373,0.278813807,0.187808336
0.133708736,0.17257256,0.204626511,0.185025563
0.149315405,0.170563571,0.241965785,0.310922157
0.599617403,0.322576736,0.234145256,0.232171255
0.177064777,0.334325075,0.293579957,0.29021687
0.127179138,0.204176358,0.445923067,0.285189528
0.178005647,0.084917604,0.212105949,0.090881251
0.399430568,0.22747583,0.19651095,0.29142261
0.232772694,0.283886398,0.30074943,0.043940924
0.23772205,0.171094027,0.272953276,0.10162596
0.344341951,0.167041814,0.210783713,0.064490299
0.255289241,0.174999961,0.250061219,0.862882847
0.232781693,0.177345655,0.264521808,0.081921228
0.340548617,0.24684453,0.225982932,0.149766793
0.685455254,0.196320776,0.172494178,0.186224106
0.175251184,0.190518739,0.169327308,0.121611284
0.280354916,0.199241621,0.156711093,0.050708931
0.244372976,0.228952183,0.291371479,0.122763589
0.207030283,0.189430083,0.203797022,0.053149872
0.084923107,0.173361931,0.267525855,0.075908498
0.215332068,0.198695729,0.227485381,0.117870882
0.190073108,0.298319404,0.181325557,0.309700157
0.337818171,0.300128245,0.246512587,0.150560855
0.203360233,0.184723908,0.247885314,0.216723288
0.188285779,0.241596709,0.428664228,0.30734618
0.305707599,0.206273585,0.191765399,0.757895123
0.237918205,0.190617454,0.166216856,0.106880692
0.256005351,0.150648552,0.207048949,0.591345029
0.21706916,0.214703512,0.4362721,0.133068655
0.191901621,0.21644007,0.245561642,0.134929381
0.224160808,0.184146023,0.153936592,0.142975819
0.185414131,0.201235193,0.250867473,0.162280977
0.178685518,0.238146548,0.279038012,0.127013851
0.1314246,0.263781455,0.160301901,0.183935109
0.125260247,0.20455261,0.263313573,0.155518319
0.140147194,0.202499782,0.238419944,0.867684668
0.234791006,0.311727506,0.20817939,0.11212447
0.296044166,0.209193423,0.484983857,0.614237679
0.262191509,0.195155101,0.237895885,0.330042584
0.13585756,0.278719154,0.386569587,0.140804745
0.200426786,0.254326062,0.255506822,0.137253237
0.304836062,0.139043302,0.276348556,0.121710577
0.313029816,0.191422214,0.297991387,0.168513123
0.281713718,0.286762163,0.436289556,0.087051202
0.21210312,0.124239245,0.111174082,0.177766167
0.223343981,0.276313344,0.257029959,0.1589004
0.221283071,0.164483507,0.140789163,0.114432715
0.361580926,0.217497084,0.284006622,0.155493435
0.224051256,0.23819464,0.242793776,0.140224209
0.254021785,0.200252433,0.247422785,0.199683362
0.138807949,0.222098057,0.234282724,0.173930842
0.132021903,0.159564804,0.214062979,0.130882504
0.095872958,0.140891503,0.286140306,0.123848149
0.353780372,0.130298578,0.208397771,0.128943194
0.209849438,0.127678053,0.296485446,0.825392693
0.213214022,0.306697032,0.339124785,0.169532247
0.355491326,0.641384654,0.338635607,0.307327941
0.13652969,0.085829013,0.286915331,0.13741251
0.143202026,0.125465173,0.22216366,0.115278642
0.171686559,0.165705513,0.252891921,0.135733809
0.209506452,0.152632894,0.182487987,0.129385394
0.329995172,0.142775705,0.243010343,0.152949687
0.3290941,0.165906305,0.264026775,0.210573288
0.284325481,0.177990815,0.290871244,0.168759287
0.252553307,0.139341147,0.229978947,0.115833369
0.265398576,0.198203104,0.244477474,0.17168185
0.259865441,0.24745276,0.208702204,0.226607384
0.287465312,0.229037051,0.128933556,0.184400221
0.285262589,0.355363108,0.27020182,0.217677806
0.199481616,0.136244422,0.359665398,0.22225728
0.338443851,0.116342626,0.190767757,0.241838925
0.292765367,0.09128328,0.430798364,0.199912705
0.183592378,0.112716725,0.339949632,0.367653035
0.23918629,0.120931283,0.25175016,0.384896477
0.258280049,0.143082141,0.228141217,0.14683872
0.182753282,0.190182888,0.193078494,0.368730744
0.088056477,0.266911001,0.283022883,0.088475643
0.280202631,0.227599137,0.196386435,0.192225548
0.265565399,0.225558,0.122193202,0.121366257
0.247277833,0.259640919,0.25497449,0.132492979
0.565658898,0.201122478,0.309541218,0.138018323
0.12995862,0.199770306,0.240817116,0.220677337
0.062418258,0.183378994,0.325262138,0.227659583
0.235921601,0.697178838,0.355550369,0.204969982
0.283953633,0.286731756,0.223549935,0.881952454
0.019975384,0.24511574,0.282606624,0.207546725
0.169064019,0.103550694,0.189947967,0.245296326
0.216053446,0.358026054,0.245917369,0.229264796
0.251106904,0.153662436,0.320384153,0.102695112
0.242422989,0.217231617,0.181789048,0.330256521
0.156060014,0.208751824,0.108957582,0.322657283
0.353458906,0.298265323,0.198066014,0.242445331
0.393022073,0.267181758,0.208877945,0.149101878
0.164751201,0.139617635,0.391065616,0.071961319
0.484037899,0.37918136,0.384504401,0.858565192
0.244534303,0.107751533,0.139855088,0.150127995
0.168179445,0.269621782,0.115664982,0.180104006
0.161170783,0.080526157,0.184314259,0.04422045
0.309248967,0.325363396,0.181157559,0.028347921
0.316437791,0.22977048,0.155866502,0.141234896
0.228310222,0.206603822,0.296415395,0.261331857
0.201143837,0.109878732,0.3469186,0.228093436
0.11000633,0.146918145,0.193318538,0.242084689
0.151025727,0.286136196,0.139189912,0.167335174
0.142152267,0.299081337,0.27289156,0.179275534
0.11571705,0.304490576,0.146698703,0.080976471
0.104000711,0.19130716,0.172501403,0.756244134
0.335696991,0.245012381,0.381464749,0.731888578
0.287929866,0.210242829,0.15152483,0.720976185
0.139945578,0.087460716,0.23285811,0.168575658
0.135831571,0.187783257,0.089163535,0.824753416
0.135134408,0.191863078,0.226243346,0.210463024
0.414053915,0.071403042,0.362679031,0.227841998
0.393387871,0.181457352,0.203905582,0.143973642
0.125768653,0.364135195,0.163736741,0.186677317
0.250846372,0.204975789,0.32140335,0.848261493
0.39060571,0.19356947,0.369966395,0.807030688
0.330421482,0.33963492,0.155333494,0.179378407
0.366810562,0.199220319,0.194297505,0.191737277
0.373352823,0.176784771,0.167075948,0.191373317
0.284676321,0.128949331,0.329479221,0.203283407
0.397096715,0.108088842,0.323008213,0.867945821
0.397925197,0.175250818,0.244706291,0.919712556
0.388257512,0.15488806,0.223232375,0.874575495
0.25701801,0.169842776,0.19837992,0.183370268
0.408112547,0.267711479,0.288390487,0.779666557
0.172508838,0.303391483,0.314136707,0.249034384
0.148245166,0.329283329,0.188972019,0.206357536
0.305712439,0.32147252,0.30211374,0.157513453
0.412995751,0.126996289,0.165549119,0.162387644
0.286856421,0.32402136,0.324962399,0.087973531
0.159526056,0.246239205,0.272131479,0.719892864
0.202093485,0.366781621,0.265319819,0.193648524
0.216921907,0.194225514,0.152031814,0.869161352
0.436047613,0.183309566,0.272455302,0.691170821
0.192738567,0.200337546,0.310582434,0.139414189
0.258959475,0.142236057,0.126755019,0.826107964
0.355712154,0.295391328,0.20217441,0.136937946
0.281321253,0.356705124,0.095653243,0.118814637
0.26906579,0.320500789,0.32496726,0.215683896
0.238597735,0.368920368,0.179488737,0.221864487
0.173474863,0.152684432,0.320120303,0.193387754
0.159182825,0.14210185,0.477605998,0.219669397
0.174816803,0.169660194,0.32799088,0.238789132
0.409538457,0.106763525,0.250613927,0.160662438
0.251274901,0.215528918,0.313452215,0.181109792
0.150365141,0.238786925,0.356704097,0.151378351
0.143830456,0.34863135,0.150975344,0.254413491
0.26309675,0.264270236,0.334743902,0.259042687
0.211861278,0.253615195,0.206256135,0.214969729
0.169220909,0.241350596,0.215859639,0.246304746
0.197866619,0.286105817,0.305984743,0.062326103
0.427220873,0.326239916,0.31213038,0.166610521
0.199060373,0.117861859,0.244712379,0.176771865
0.173912707,0.130802494,0.297850957,0.235949388
0.171751036,0.187234977,0.477348062,0.227689743
0.178771559,0.221341401,0.297027039,0.157663281
0.435639878,0.21859233,0.241860865,0.140332863
0.264538264,0.209181453,0.184278441,0.178150358
0.111903251,0.21876683,0.132099801,0.112905195
0.273179056,0.205177848,0.173951455,0.157241299
0.62305081,0.261433888,0.147535167,0.123883827
0.60199048,0.312606251,0.339952132,0.120371699
0.161899765,0.352865049,0.352696669,0.111712369
0.436819368,0.261021379,0.339918261,0.133339638
0.238009433,0.184692587,0.282229585,0.308217793
0.124554422,0.112879283,0.336451479,0.178711608
0.18525034,0.088773031,0.162478038,0.172626258
0.180071624,0.212970667,0.088869512,0.052067557
0.36095754,0.287268996,0.109796273,0.17217759
0.429595411,0.27955221,0.261515319,0.177485467
0.473721964,0.281086027,0.219651388,0.144819211
0.322947039,0.22603348,0.353820541,0.543248908
0.466627213,0.379403974,0.205705734,0.338132544
0.350745987,0.14492872,0.337719479,0.216954065
0.143763655,0.132947406,0.312565692,0.218840377
0.077579834,0.293069777,0.117859282,0.25172053
0.107852162,0.224427185,0.241800001,0.149871884
0.21160819,0.330958106,0.33235529,0.155679849
0.362857825,0.324450546,0.297013322,0.133138112
0.388445381,0.162662702,0.137174302,0.268098346
0.367092476,0.19280349,0.274598328,0.265506254
0.270174408,0.172064624,0.264461727,0.199153777
0.303733259,0.269089807,0.364504362,0.241322357
0.392599159,0.18181618,0.380466369,0.174763947
0.349049089,0.244641058,0.289050225,0.252305013
0.36756199,0.223581324,0.355090529,0.120901396
0.300793649,0.253224627,0.296658885,0.114594334
0.293542756,0.232315625,0.199371221,0.069037914
0.185007454,0.298633222,0.192258021,0.068739917
0.146414367,0.188966863,0.213530269,0.308274525
0.22773115,0.188938475,0.182652466,0.134335587
0.053271231,0.108810502,0.348597863,0.102054966
0.053700692,0.299253128,0.411682046,0.152934961
0.383846924,0.101368506,0.374170777,0.175109049
0.343178429,0.12654183,0.28922432,0.266543801
0.243843023,0.260316544,0.384176908,0.117655021
0.297721341,0.162567072,0.23094755,0.254592609
0.280031157,0.216486828,0.258426856,0.121208743
0.226484652,0.151355014,0.409890557,0.140059151
0.33850109,0.283995537,0.295417292,0.124192611
0.38157315,0.153121853,0.369241967,0.138621493
0.472753501,0.162139417,0.228194038,0.261651962
0.269713446,0.338821489,0.400304911,0.281368372
0.166768255,0.220934176,0.316739803,0.188532899
0.272488058,0.131060748,0.138823736,0.18912588
0.295879563,0.313766215,0.381621632,0.100859475
0.152151233,0.187370633,0.270036905,0.145976062
0.17919145,0.312311468,0.242546278,0.128744958
0.064121439,0.1705731,0.22293688,0.085147577
0.369713923,0.163591718,0.286849398,0.095199383
0.323111344,0.217882708,0.257114535,0.239459417
0.331763273,0.235958514,0.389403934,0.154274838
0.319818139,0.227967235,0.20400412,0.151256307
0.592746873,0.240757774,0.318158386,0.243940624
0.263336845,0.254454232,0.377400636,0.261930723
0.175459127,0.257574557,0.228657826,0.116875773
0.344304056,0.247712143,0.232923665,0.12326546
0.08665094,0.254721399,0.068820498,0.212159204
0.250133523,0.245254996,0.2646858,0.190814216
0.257878178,0.238845711,0.256250395,0.119289744
0.276818212,0.113259743,0.030534085,0.152433391
0.23897009,0.13814736,0.322254528,0.128842586
0.25132621,0.255823201,0.275481961,0.28802316
0.239020582,0.260244797,0.351708753,0.291283088
0.246881406,0.391386576,0.314684861,0.109126661
0.093542736,0.052752303,0.259586586,0.167864501
0.326161837,0.171816528,0.122855216,0.966729815
0.243800139,0.158741685,0.122060871,0.165275509
0.106904179,0.202615655,0.274074728,0.156396317
0.27358261,0.26991943,0.294584996,0.076370908
0.289266416,0.119802705,0.268117154,0.079257507
0.31777213,0.11835701,0.229563673,0.212306133
0.232298354,0.15383092,0.339288053,0.253332991
0.359197793,0.211188267,0.336855585,0.230611799
0.264377567,0.180744878,0.383388125,0.2151831
0.127797389,0.220826829,0.255984534,0.121584551
0.099218579,0.136849356,0.179421943,0.131800405
0.117922505,0.216718182,0.061530425,0.129682215
0.180903908,0.171094283,0.375161419,0.139086922
0.055299017,0.177242162,0.247085392,0.163251278
0.256444467,0.177775209,0.328972073,0.11057237
0.32202166,0.176650351,0.263045827,0.140852935
0.330335891,0.133244923,0.284222458,0.054962432
0.355294538,0.211702523,0.366506229,0.229106854
0.255561517,0.166628115,0.259102082,0.116309833
0.093045465,0.23857688,0.168156928,0.869259299
0.067376013,0.278942132,0.295650751,0.217091631
0.307809055,0.206633084,0.252529862,0.138173917
0.181867016,0.19528408,0.314119643,0.16176874
0.089319997,0.220430113,0.306589269,0.322577134
0.313815782,0.241761822,0.289624715,0.944799157
0.172320095,0.318813964,0.249409304,0.818628886
0.188262036,0.306925703,0.349787639,0.852976678
0.320972594,0.175974062,0.204164981,0.736815638
0.198219979,0.323012302,0.140288983,0.834984827
0.226823814,0.206044449,0.185141808,0.088608101
0.21820103,0.277985368,0.163385261,0.159067727
0.238714748,0.188142609,0.338970961,0.227196297
0.143576993,0.288361165,0.213207616,0.149536272
0.182381426,0.232959276,0.328472542,0.260387649
0.308097732,0.199713125,0.308312764,0.292758728
0.341349317,0.220234222,0.298748912,0.231249359
0.190991785,0.229390602,0.210793421,0.217453679
0.184285422,0.235245007,0.108767735,0.250612478
0.312734366,0.200741139,0.163100583,0.26946172
0.278672125,0.187641259,0.276993457,0.143660769
0.282839944,0.248001471,0.249306515,0.070388896
0.233248314,0.156382938,0.318439161,0.16335846
0.138839323,0.132251484,0.212126308,0.217386149
0.274477606,0.205707385,0.281022778,0.022751039
0.186728362,0.200550486,0.385348326,0.089942311
0.22060463,0.224801429,0.212934531,0.057373452
0.224733122,0.183482831,0.31616357,0.083140926
0.285865883,0.170168349,0.381924222,0.12302032
0.210917706,0.195890954,0.404748744,0.140976759
0.349155593,0.208299654,0.148561208,0.386218583
0.130583497,0.206245988,0.300915653,0.237965687
0.162839535,0.28252528,0.287595298,0.110614628
0.118104738,0.350068141,0.221459906,0.061846145
0.105396506,0.237022691,0.293052877,0.153631685
0.105143877,0.217440222,0.333660095,0.142188601
0.152317432,0.215678877,0.26978247,0.202569868
0.280566447,0.239265712,0.386123095,0.200074709
0.345973825,0.181797462,0.124427093,0.201373554
0.215092048,0.113450511,0.257876613,0.142187867
0.181583978,0.206235139,0.314367849,0.036787185
0.216252464,0.262919832,0.301981106,0.235167519
0.23575934,0.137232129,0.238809226,0.246294312
0.258911524,0.047255358,0.047006906,0.242328876
0.311088732,0.080809898,0.172067827,0.211570015
0.242426352,0.154864196,0.20957664,0.22127543
0.213880698,0.216315102,0.301929784,0.239890316
0.192160933,0.172436009,0.433292667,0.211090128
0.159532928,0.200939712,0.337350003,0.98512246
0.494275037,0.117021178,0.251392581,0.142439271
0.313375195,0.136335518,0.249599406,0.706097517
0.318713645,0.109796276,0.294993667,0.074689722
0.260906945,0.22381886,0.239157031,0.094495432
0.437161299,0.206372626,0.192133327,0.306768914
0.296699199,0.205228827,0.22675755,0.286014133
0.238553025,0.223308247,0.350028152,0.256686798
0.219140354,0.112708089,0.248810732,0.207747365
0.30340474,0.248468308,0.196704721,0.263122089
0.288901168,0.125866747,0.356179215,0.311504746
0.220754691,0.04768188,0.260613684,0.281600276
0.49125706,0.062516922,0.309560316,0.311683118
0.254800304,0.159157352,0.204844451,0.248118695
0.320450855,0.092000106,0.352223358,0.205109225
0.205064354,0.207936807,0.150174127,0.222152023
0.314378368,0.089716003,0.216739835,0.18479625
0.274288611,0.33537407,0.177960652,0.231094498
0.193425037,0.242868196,0.212733393,0.18443227
0.218900185,0.23832271,0.255304506,0.191045978
0.111621085,0.213066099,0.124681892,0.241799435
0.3950463,0.240569179,0.237283591,0.319736637
0.249571807,0.048964699,0.184257773,0.232494663
0.23636292,0.255757008,0.331233814,0.111926608
0.266931403,0.317223176,0.244799713,0.247929621
0.307758618,0.216786719,0.258611095,0.202484776
0.090328525,0.147764224,0.203468484,0.291092751
0.148784617,0.278391911,0.209651802,0.252496552
0.275838621,0.263322385,0.4079987,0.266088503
0.171807738,0.199785364,0.166937715,0.188930923
0.414282723,0.196368958,0.276613312,0.438258851
0.426110739,0.17194445,0.261703452,0.172892112
0.182735038,0.13756517,0.174880573,0.136335665
0.193062274,0.257821355,0.351125614,0.812085189
0.204684253,0.211481627,0.328323951,0.216256306
0.278926777,0.176860143,0.24646765,0.193845989
0.233601406,0.083318194,0.034885699,0.215197486
0.276718288,0.189825716,0.357609845,0.156026474
0.258502031,0.188084786,0.144109894,0.226390089
0.331101477,0.195308985,0.341855884,0.196317117
0.315910211,0.22110021,0.255907523,0.23579707
0.178754265,0.169861599,0.176256875,0.284246471
0.325320177,0.283859586,0.346149562,0.195425513
0.325378941,0.322157786,0.372995646,0.124456399
0.227437246,0.318764485,0.251877525,0.157565474
0.233676626,0.19688081,0.276122508,0.206184661
0.233482384,0.21697151,0.284905666,0.22189472
0.203116671,0.19126864,0.137533797,0.222302098
0.24339437,0.197801635,0.251741584,0.232934259
0.154188745,0.198579759,0.395018089,0.253053052
0.236572965,0.173949688,0.219818242,0.190014863
0.234555662,0.149054162,0.362562713,0.238148835
0.310294237,0.298353309,0.280935947,0.228766123
0.321738969,0.209023884,0.214432791,0.260373157
0.239690411,0.271449458,0.253320694,0.259842716
0.319869629,0.267415172,0.24947676,0.203958933
0.313151695,0.298512806,0.139026393,0.135264155
0.215218481,0.227280495,0.163105595,0.258272813
0.194177223,0.194696071,0.209380349,0.235701868
0.272458791,0.216073284,0.201872766,1.365021976
0.267763659,0.025412329,0.21562172,0.18516107
0.188915462,0.226144178,0.290555599,1.42827747
0.323194739,0.174458119,0.173252061,0.232417228
0.185897058,0.291146494,0.215233569,0.2245375
0.215042003,0.195543182,0.229558308,0.119503925
0.28273789,0.234927932,0.17646034,0.183402514
0.292865269,0.304784001,0.315450012,0.128524227
0.277889839,0.209770468,0.150585821,0.225671449
0.300234961,0.196280996,0.364935462,0.18491192
0.368664334,0.358190479,0.254738999,0.181422984
0.293418921,0.324155302,0.334552265,0.140475932
0.30243527,0.233370082,0.365323507,0.240803815
0.334557721,0.169791036,0.299910629,0.158568241
0.352663699,0.271516897,0.275518052,0.179599439
0.08360106,0.311719558,0.180001553,0.16942426
0.264714056,0.174812376,0.121184913,0.130359963
0.173128697,0.197503575,0.287063463,0.131953605
0.239188708,0.233129224,0.271024911,0.217599384
0.267173236,0.299712803,0.233001508,0.224897776
0.717583047,0.298468899,0.13831442,0.12724434
0.355417712,0.142108687,0.282596704,0.130749358
0.173031772,0.245329314,0.292277503,0.119349322
0.249301112,0.100867462,0.191773716,0.200023384
0.282016383,0.123472702,0.226301908,0.15912458
0.186758784,0.239706254,0.154212644,0.22094119
0.129880695,0.161745157,0.168584487,0.153462047
0.163940255,0.206395989,0.110582483,0.244606571
0.136714065,0.305418357,0.296072223,0.178970181
0.193684813,0.093967901,0.324615054,0.203403565
0.120223125,0.237957617,0.307062651,0.967689339
0.110680753,0.091197007,0.160395321,0.172074726
0.35378793,0.306512738,0.237118444,0.326873083
0.24651392,0.21780573,0.151686109,0.319526645
0.334752707,0.179594118,0.270760246,0.222980247
0.341692723,0.187762379,0.146838239,0.24375538
0.229748082,0.18552355,0.377819685,0.256889364
0.23712679,0.287771733,0.230933586,0.260994099
0.2425316,0.1683634,0.227613112,0.322573043
0.270483876,0.201649219,0.322993609,0.173827848
0.248805059,0.140352603,0.252246191,0.174152639
0.224853416,0.192368007,0.347840965,0.167353572
0.226399756,0.343429518,0.333976817,0.169593046
0.371413339,0.132901102,0.323385031,0.116457055
0.31021435,0.189093484,0.182713292,0.200319386
0.313525176,0.161691237,0.150021471,0.119817696
0.346406015,0.175690883,0.228141176,0.819660799
0.339135167,0.169598651,0.288691344,0.147804133
0.288693541,0.180178953,0.267367295,0.108052429
0.273060247,0.195882707,0.320767074,0.20982321
0.234487014,0.150241728,0.306997202,0.222972304
0.202028661,0.183368924,0.255454038,0.099060602
0.207019595,0.306248977,0.230344019,0.183261797
0.3264853,0.296032561,0.229767622,0.191475894
0.478723313,0.155005366,0.180998401,0.217718863
0.245862172,0.124617906,0.275209832,0.238148535
0.266224848,0.110452064,0.200273234,0.227350173
0.230051019,0.169897674,0.316119769,0.186820018
0.232042352,0.249108368,0.278085723,0.182178507
0.238874651,0.353675516,0.265955856,0.246867273
0.194087327,0.281184593,0.286451553,0.251223802
0.193460028,0.114275817,0.098329268,0.197867672
0.307116899,0.043214462,0.141559734,0.448830266
0.218991426,0.166290412,0.153200929,0.225954437
0.30330588,0.312745085,0.1894126,0.203755883
0.259710172,0.108894616,0.259470804,0.234181359
0.362758184,0.16091668,0.185007748,0.23696542
0.281365355,0.295539977,0.251540179,0.215978546
0.29111999,0.311763768,0.279200001,0.185054005
0.663211819,0.232483898,0.346982294,0.142060497
0.26949836,0.262670487,0.323769419,0.238450863
0.243233138,0.293025796,0.144533954,0.110824713
0.159446206,0.106242396,0.222010203,0.165964436
0.293263243,0.146056315,0.17260458,0.152895844
0.41159857,0.264200532,0.23481111,0.19761552
0.164876682,0.18513483,0.203631877,0.331991457
0.273981454,0.141512639,0.177680842,0.29050376
0.731422869,0.151110366,0.276117206,0.297936526
0.296082874,0.192740418,0.250603753,0.102671416
0.273967419,0.254114664,0.176913608,0.073398404
0.149541656,0.209585499,0.179515193,0.249630508
0.251211437,0.268832303,0.107415057,0.168571254
0.254074289,0.257324824,0.24540164,0.817286209
0.151521711,0.197300469,0.362860568,0.159398059
0.291076416,0.230275312,0.28073608,0.282576137
0.339138523,0.18443938,0.165860869,0.096010342
0.21475647,0.247114371,0.248078504,0.384704578
0.292156675,0.19809345,0.219844853,0.173796799
0.333636413,0.144636241,0.186706055,0.118773394
0.209113395,0.107574239,0.2555821,0.221066481
0.331439046,0.197546996,0.317244546,0.129912699
0.208120044,0.274523577,0.359536387,0.140134503
0.408621475,0.172883141,0.236588275,0.1375748
0.248618526,0.197621626,0.236863667,0.224226411
0.244971147,0.197711545,0.067490832,0.14151903
0.338905389,0.073422845,0.324618115,0.079964101
0.494373718,0.137998695,0.270358108,0.206734517
0.186777497,0.19938277,0.314765893,0.138148571
0.072664995,0.29688044,0.247210296,0.334507934
0.188728832,0.159203035,0.34482854,0.153239684
0.362577195,0.177311658,0.33504113,0.122675976
0.372486299,0.085724397,0.350409514,0.152852034
0.190427257,0.257177498,0.355313273,0.162098746
0.226316782,0.126113238,0.138919657,0.182512651
0.19942881,0.273471671,0.180604522,0.181846043
0.26398467,0.19640357,0.166706985,0.185930792
0.257802464,0.176488717,0.321744577,0.171801786
0.31630562,0.28411539,0.181410682,0.306176165
0.287667873,0.202486225,0.201676345,0.123952744
0.367430541,0.290117046,0.303906611,0.17488842
0.361688279,0.217421877,0.279115824,0.178838263
0.06842552,0.266869359,0.239737875,0.184439841
0.22428372,0.144202534,0.268628735,0.175092257
0.267392586,0.145870664,0.340960509,0.341822978
0.150411525,0.170699638,0.161330399,0.184607712
0.166127532,0.122971022,0.338694375,0.105376424
0.261212894,0.268223243,0.230409463,0.709045201
0.376817307,0.23959707,0.354565816,0.274616676
0.321335147,0.233519337,0.238470916,0.280619554
0.350915252,0.284920694,0.315696825,0.803558342
0.399712498,0.29468373,0.392206576,0.817023007
0.286416498,0.227195446,0.419791995,0.202237134
0.264650463,0.274953747,0.22619237,0.239144701
0.421529372,0.170361149,0.248857478,0.208943647
0.358534382,0.350804586,0.190845156,0.153111818
0.317322851,0.102471149,0.19940052,0.163941625
0.21029993,0.3021246,0.337994607,0.606037801
0.227164064,0.108010053,0.319209565,0.251794051
0.289542582,0.088306632,0.169314933,0.224234016
0.22867208,0.143110531,0.26162733,0.145284996
0.409888871,0.182991393,0.353674029,0.257337818
0.34099601,0.131998256,0.321257757,0.138040602
0.226781772,0.151205988,0.262526717,0.795341049
0.173831505,0.224176388,0.213731547,0.172190075
0.089687061,0.141730847,0.064657239,0.159602299
0.264102392,0.317354794,0.191190733,0.177486831
0.1893461,0.166825621,0.179755128,0.189232508
0.380591358,0.228901623,0.283520449,0.197972347
0.308432772,0.163331145,0.320305909,0.160046568
0.215667138,0.193744342,0.396375723,0.178834764
0.164249889,0.103814505,0.213612683,0.199538695
0.17017362,0.238837634,0.267666401,0.683393659
0.257928945,0.23903653,0.30610259,0.198672836
0.232199462,0.0814399,0.282859249,0.192686451
0.33314663,0.142257601,0.189421146,0.229697895
0.381343524,0.254758686,0.303923124,0.267327295
0.095919301,0.117010266,0.359470636,0.231928184
0.35655021,0.132206711,0.238328454,0.200141537
0.159601388,0.269017472,0.245611972,0.204939108
0.278256396,0.076128124,0.260182155,0.225096762
0.25202767,0.157367452,0.300811592,0.328503603
0.248290994,0.126598039,0.118938108,0.308061293
0.3069275,0.081865982,0.244806032,0.184054383
0.165815631,0.273452312,0.134359665,0.150861103
0.22711808,0.259932396,0.289575276,0.182523768
0.290848297,0.115843153,0.14589494,0.148951146
0.223374746,0.099889504,0.233973843,0.148527729
0.244623016,0.278491476,0.090375164,0.963400995
0.264199865,0.215885973,0.260330027,0.227384259
0.22417231,0.229834345,0.2100837,0.778767796
0.266855289,0.207805104,0.236402121,0.273042569
0.315632375,0.180495022,0.277838294,0.682924514
0.206846395,0.130324553,0.340321894,0.136396509
0.207774513,0.278447228,0.268964525,0.965101503
0.243146032,0.078604409,0.130458711,0.721351606
0.183171547,0.245398623,0.16190741,0.219602809
0.28634907,0.392501906,0.310059184,0.240336538
0.07810898,0.32326882,0.141382814,0.131095814
0.241939702,0.428516403,0.142372279,0.185386594
0.14274604,0.202456699,0.262091573,0.229115548
0.17159918,0.391657429,0.221312117,0.980571526
0.299149923,0.365683725,0.137910547,0.985880194
0.21147598,0.322425483,0.270795299,0.949735819
0.231209621,0.292838316,0.324470724,0.272662621
0.34901547,0.175746015,0.278214022,0.196217034
0.26822703,0.126013979,0.150510346,0.317547768
0.214084814,0.294408088,0.299447386,0.066019357
0.369221321,0.263555442,0.240757455,0.135497586
0.126176642,0.250382449,0.181357534,0.155300876
0.617201183,0.107054526,0.343041094,0.189503994
0.617109005,0.179306586,0.354511083,0.159495756
0.231759071,0.359397117,0.233551407,0.287577067
0.165893412,0.194674825,0.196078996,0.089537108
0.552432659,0.202380033,0.13579114,0.251555152
0.219413227,0.068809699,0.085236768,0.136256609
0.445954862,0.232439505,0.334059092,0.044001691
0.493718204,0.219221238,0.227297351,0.132272506
0.096042038,0.265997784,0.150874753,0.198384251
0.176118231,0.215075673,0.198122388,0.151887083
0.40007741,0.217359159,0.270924577,0.247723163
0.163593206,0.224708542,0.430142756,0.215348056
0.190961922,0.232874068,0.322147556,0.144869314
0.225528899,0.228658895,0.164085197,0.152015482
0.2537179,0.101382192,0.321671362,0.276458175
0.199850362,0.10255577,0.198580802,0.129161857
0.232641784,0.073297795,0.372447555,0.112430417
0.181512641,0.21969316,0.196639488,0.169786355
0.323247893,0.256559537,0.207878161,0.179979604
0.078461907,0.247130837,0.365890488,0.163662305
0.211591834,0.203592352,0.312637882,0.246984509
0.263297626,0.193723555,0.221562835,0.288933881
0.215895359,0.185276448,0.225887611,0.182106061
0.212842202,0.192876112,0.350009246,0.15836312
0.198016688,0.148541028,0.321658988,0.31674868
0.141150411,0.324183153,0.238154897,0.301023751
0.152558429,0.317705149,0.313675566,0.698653814
0.165675101,0.214947144,0.327892753,0.209907741
0.183592449,0.253587076,0.299714729,0.267718878
0.233746927,0.16592117,0.275045268,0.819509733
0.211709569,0.255562587,0.392921149,0.225564852
0.247076805,0.145607106,0.377810892,0.235288268
0.13956307,0.134482897,0.288969148,0.731427923
0.173991128,0.299844806,0.251804783,0.221512092
0.208541478,0.327495991,0.214499279,0.172881196
0.231431006,0.168679731,0.25706541,0.901748527
0.210917021,0.372772306,0.174445457,0.244961571
0.186427364,0.105424077,0.336840973,0.368686925
0.239370346,0.096272882,0.243296182,0.167875005
0.244623715,0.143501677,0.19236674,0.463340583
0.226796946,0.124723639,0.189361669,0.175174875
0.238131631,0.13100428,0.285566125,0.301165797
0.205789983,0.256760972,0.207013716,0.34850944
0.313864794,0.239167599,0.279747162,0.153062155
0.236561008,0.217290649,0.396775403,0.236592444
0.248494745,0.223279821,0.168799593,0.262310651
0.090073052,0.392071261,0.271682969,0.244739195
0.177224275,0.131631367,0.287992064,0.445892432
0.143146982,0.109135815,0.266302982,0.423242471
0.192788877,0.427362963,0.311364165,0.299736647
0.152637019,0.262460841,0.308597739,0.285072284
0.121661183,0.233544009,0.295987849,0.223473483
0.139928426,0.220777155,0.267480884,0.194293917
0.123226509,0.256203485,0.293607431,0.646528227
0.367686673,0.07633201,0.319501217,0.174391438
0.55399615,0.191922498,0.325997663,0.196982121
0.190668552,0.2485677,0.466551282,0.242686954
0.198766943,0.130881719,0.245805493,0.2544876
0.260097349,0.122608603,0.277200491,0.173327296
0.184854699,0.103754363,0.245895001,0.175401599
0.152739239,0.047258804,0.184584225,0.854166433
0.147267893,0.368238781,0.266714006,0.180731239
0.233001672,0.280911207,0.282086246,0.357701945
0.133629651,0.253815488,0.228015481,0.375582018